参数路径,当前值,ops.veh_commercial,ops.veh_passenger_ops,ops.veh_private,ops.veh_total,ops.battery_vehicle,ops.battery_station,ops.battery_total,ops.annual_energy,scale.daily_swaps,scale.heavy_stations,scale.choco_stations,mfg.swap_veh_2030,mfg.charge_veh_2030,mfg.swap_gwh_2030,mfg.charge_gwh_2030,capex.initial_capex,capex.equity_call,capex.peak_call,capex.project_debt,swap.revenue,swap.service_rev,swap.rent_rev,swap.ancillary,swap.opex,swap.ebitda,swap.required_ebitda,swap.coverage,swap.operating_value,mfg.with_swap_np,mfg.no_swap_np,val.power_with_swap,val.power_no_swap,val.swap_increment,val.incr_over_mktcap,fund.peak_cash_to_cfo,fund.closing_liquidity,fund.exposure
meta.reference_year,2026,0.0000,0.0000,0.0000,0.0000,0.0000,0.0000,0.0000,0.0000,0.0000,0.0000,0.0000,0.0000,0.0000,0.0000,0.0000,0.0000,0.0000,0.0000,0.0000,0.0000,0.0000,0.0000,0.0000,-1.1906,0.1247,0.0000,0.1247,0.1500,0.0000,0.0000,0.0533,0.0000,0.1340,0.1340,0.0000,0.0000,0.0000
meta.target_year,2030,0.0000,0.0000,0.0000,0.0000,0.0000,0.0000,0.0000,0.0000,0.0000,0.0000,0.0000,0.0000,0.0000,0.0000,0.0000,0.0000,0.0000,0.0000,0.0000,0.0000,0.0000,0.0000,0.0000,0.0000,0.0000,0.0000,0.0000,0.0000,0.0000,0.0000,0.0000,0.0000,0.0000,0.0000,0.0000,0.0000,0.0000
modeling.rounding.terminal_vehicle_decimals,1,0.0000,0.0000,0.0000,0.0000,0.0000,0.0000,0.0000,0.0000,0.0000,0.0000,0.0000,0.0000,0.0000,0.0000,0.0000,0.0000,0.0000,0.0000,0.0000,0.0000,0.0000,0.0000,0.0000,0.0000,0.0000,0.0000,0.0000,0.0000,0.0000,0.0000,0.0000,0.0000,0.0000,0.0000,0.0000,0.0000,0.0000
modeling.rounding.terminal_frequency_decimals,1,0.0000,0.0000,0.0000,0.0000,0.0000,0.0000,0.0000,0.0000,0.0000,0.0000,0.0000,0.0000,0.0000,0.0000,0.0000,0.0000,0.0000,0.0000,0.0000,0.0000,0.0000,0.0000,0.0000,0.0000,0.0000,0.0000,0.0000,0.0000,0.0000,0.0000,0.0000,0.0000,0.0000,0.0000,0.0000,0.0000,0.0000
modeling.rounding.report_money_decimals,1,0.0000,0.0000,0.0000,0.0000,0.0000,0.0000,0.0000,0.0000,0.0000,0.0000,0.0000,0.0000,0.0000,0.0000,0.0000,0.0000,0.0000,0.0000,0.0000,0.0000,0.0000,0.0000,0.0000,0.0000,0.0000,0.0000,0.0000,0.0000,0.0000,0.0000,0.0000,0.0000,0.0000,0.0000,0.0000,0.0000,0.0000
finance.wacc,0.075,0.0000,0.0000,0.0000,0.0000,0.0000,0.0000,0.0000,0.0000,0.0000,0.0000,0.0000,0.0000,0.0000,0.0000,0.0000,0.0000,0.0000,0.0000,-0.1956,0.0000,0.0000,0.0000,0.0000,0.0000,0.0000,-0.1540,0.1564,0.0396,0.0000,0.0000,0.0141,0.0000,0.0354,0.0354,0.0000,0.0000,0.0000
finance.capital_recovery_factor,0.15,0.0000,0.0000,0.0000,0.0000,0.0000,0.0000,0.0000,0.0000,0.0000,0.0000,0.0000,0.0000,0.0000,0.0000,0.0000,0.0000,0.0000,0.0000,0.0000,0.0000,0.0000,0.0000,0.0000,0.0000,0.0000,1.4919,-1.2982,0.0000,0.0000,0.0000,0.0000,0.0000,0.0000,0.0000,0.0000,0.0000,0.0000
finance.tax_rate,0.25,0.0000,0.0000,0.0000,0.0000,0.0000,0.0000,0.0000,0.0000,0.0000,0.0000,0.0000,0.0000,0.0000,0.0000,0.0000,0.0000,0.0000,0.0000,0.0000,0.0000,0.0000,0.0000,0.0000,0.0000,0.0000,-0.1641,0.1668,0.0000,0.0000,0.0000,0.0000,0.0000,0.0000,0.0000,0.0000,0.0000,0.0000
finance.debt_ratio,0.6,0.0000,0.0000,0.0000,0.0000,0.0000,0.0000,0.0000,0.0000,0.0000,0.0000,0.0000,0.0000,0.0000,0.0000,0.0000,0.0000,-1.5000,-1.5000,1.0000,0.0000,0.0000,0.0000,0.0000,0.0000,0.0000,0.0000,0.0000,-0.2026,0.0000,0.0000,-0.0720,0.0000,-0.1810,-0.1810,-1.5000,0.0781,0.0000
finance.debt_interest_rate,0.025,0.0000,0.0000,0.0000,0.0000,0.0000,0.0000,0.0000,0.0000,0.0000,0.0000,0.0000,0.0000,0.0000,0.0000,0.0000,0.0000,0.0000,0.0000,0.0000,0.0000,0.0000,0.0000,0.0000,0.0000,0.0000,0.0000,0.0000,0.0000,0.0000,0.0000,0.0000,0.0000,0.0000,0.0000,0.0000,0.0000,0.0000
finance.construction_ownership,0.4,0.0000,0.0000,0.0000,0.0000,0.0000,0.0000,0.0000,0.0000,0.0000,0.0000,0.0000,0.0000,0.0000,0.0000,0.0000,0.0000,1.0000,1.0000,0.0000,-0.0113,0.0000,-0.0225,0.0000,0.0000,-0.0125,0.0000,-0.0125,0.9835,-0.0838,0.0000,0.2955,0.0000,0.7429,0.7429,1.0000,-0.0521,0.0000
finance.manufacturing_pe,20,0.0000,0.0000,0.0000,0.0000,0.0000,0.0000,0.0000,0.0000,0.0000,0.0000,0.0000,0.0000,0.0000,0.0000,0.0000,0.0000,0.0000,0.0000,0.0000,0.0000,0.0000,0.0000,0.0000,0.0000,0.0000,0.0000,0.0000,0.0000,0.0000,0.0000,0.6446,1.0000,0.1065,0.1065,0.0000,0.0000,0.0000
finance.swap_ev_ebitda,18,0.0000,0.0000,0.0000,0.0000,0.0000,0.0000,0.0000,0.0000,0.0000,0.0000,0.0000,0.0000,0.0000,0.0000,0.0000,0.0000,0.0000,0.0000,0.0000,0.0000,0.0000,0.0000,0.0000,0.0000,0.0000,0.0000,0.0000,1.2026,0.0000,0.0000,0.4274,0.0000,1.0745,1.0745,0.0000,0.0000,0.0000
finance.manager_fee_rate,0.01,0.0000,0.0000,0.0000,0.0000,0.0000,0.0000,0.0000,0.0000,0.0000,0.0000,0.0000,0.0000,0.0000,0.0000,0.0000,0.0000,0.0000,0.0000,0.0000,0.0000,0.0000,0.0000,0.0000,0.0000,0.0000,0.0000,0.0000,0.0000,0.0000,0.0000,0.0000,0.0000,0.0000,0.0000,0.0000,0.0000,0.0000
finance.manager_net_margin,0.4,0.0000,0.0000,0.0000,0.0000,0.0000,0.0000,0.0000,0.0000,0.0000,0.0000,0.0000,0.0000,0.0000,0.0000,0.0000,0.0000,0.0000,0.0000,0.0000,0.0000,0.0000,0.0000,0.0000,0.0000,0.0000,0.0000,0.0000,0.0000,0.0000,0.0000,0.0000,0.0000,0.0000,0.0000,0.0000,0.0000,0.0000
finance.manager_pe,25,0.0000,0.0000,0.0000,0.0000,0.0000,0.0000,0.0000,0.0000,0.0000,0.0000,0.0000,0.0000,0.0000,0.0000,0.0000,0.0000,0.0000,0.0000,0.0000,0.0000,0.0000,0.0000,0.0000,0.0000,0.0000,0.0000,0.0000,0.0000,0.0000,0.0000,0.0000,0.0000,0.0000,0.0000,0.0000,0.0000,0.0000
finance.transaction_cost_rate,0.02,0.0000,0.0000,0.0000,0.0000,0.0000,0.0000,0.0000,0.0000,0.0000,0.0000,0.0000,0.0000,0.0000,0.0000,0.0000,0.0000,0.0000,0.0000,0.0000,0.0000,0.0000,0.0000,0.0000,0.0000,0.0000,0.0000,0.0000,0.0000,0.0000,0.0000,0.0000,0.0000,0.0000,0.0000,0.0000,0.0000,0.0000
finance.model_horizon_years,15,0.0000,0.0000,0.0000,0.0000,0.0000,0.0000,0.0000,0.0000,0.0000,0.0000,0.0000,0.0000,0.0000,0.0000,0.0000,0.0000,0.0000,0.0000,0.0000,0.0000,0.0000,0.0000,0.0000,0.0000,0.0000,-0.0599,0.0603,0.0000,0.0000,0.0000,0.0000,0.0000,0.0000,0.0000,0.0000,0.0000,0.0000
financial_2025a.group_revenue_yi,4237.02,0.0000,0.0000,0.0000,0.0000,0.0000,0.0000,0.0000,0.0000,0.0000,0.0000,0.0000,0.0000,0.0000,0.0000,0.0000,0.0000,0.0000,0.0000,0.0000,0.0000,0.0000,0.0000,0.0000,0.0000,0.0000,0.0000,0.0000,0.0000,0.0000,0.0000,0.0000,0.0000,0.0000,0.0000,0.0000,0.0000,0.0000
financial_2025a.group_net_profit_yi,722.01,0.0000,0.0000,0.0000,0.0000,0.0000,0.0000,0.0000,0.0000,0.0000,0.0000,0.0000,0.0000,0.0000,0.0000,0.0000,0.0000,0.0000,0.0000,0.0000,0.0000,0.0000,0.0000,0.0000,0.0000,0.0000,0.0000,0.0000,0.0000,0.0000,0.0000,0.0000,0.0000,0.0000,0.0000,0.0000,0.0000,0.0000
financial_2025a.group_cfo_yi,1332,0.0000,0.0000,0.0000,0.0000,0.0000,0.0000,0.0000,0.0000,0.0000,0.0000,0.0000,0.0000,0.0000,0.0000,0.0000,0.0000,0.0000,0.0000,0.0000,0.0000,0.0000,0.0000,0.0000,0.0000,0.0000,0.0000,0.0000,0.0000,0.0000,0.0000,0.0000,0.0000,0.0000,0.0000,0.0000,0.0000,0.0000
financial_2025a.cash_and_trading_assets_yi,3925,0.0000,0.0000,0.0000,0.0000,0.0000,0.0000,0.0000,0.0000,0.0000,0.0000,0.0000,0.0000,0.0000,0.0000,0.0000,0.0000,0.0000,0.0000,0.0000,0.0000,0.0000,0.0000,0.0000,0.0000,0.0000,0.0000,0.0000,0.0000,0.0000,0.0000,0.0000,0.0000,0.0000,0.0000,0.0000,0.0000,0.0000
financial_2025a.power_battery_revenue_yi,3165.06,0.0000,0.0000,0.0000,0.0000,0.0000,0.0000,0.0000,0.0000,0.0000,0.0000,0.0000,0.0000,0.0000,0.0000,0.0000,0.0000,0.0000,0.0000,0.0000,0.0000,0.0000,0.0000,0.0000,0.0000,0.0000,0.0000,0.0000,0.0000,0.0000,0.0000,0.0000,0.0000,0.0000,0.0000,0.0000,0.0000,0.0000
financial_2025a.power_battery_gross_margin,0.2384,0.0000,0.0000,0.0000,0.0000,0.0000,0.0000,0.0000,0.0000,0.0000,0.0000,0.0000,0.0000,0.0000,0.0000,0.0000,0.0000,0.0000,0.0000,0.0000,0.0000,0.0000,0.0000,0.0000,0.0000,0.0000,0.0000,0.0000,0.0000,0.0000,0.0000,0.0000,0.0000,0.0000,0.0000,0.0000,0.0000,0.0000
financial_2025a.storage_revenue_yi,624.398,0.0000,0.0000,0.0000,0.0000,0.0000,0.0000,0.0000,0.0000,0.0000,0.0000,0.0000,0.0000,0.0000,0.0000,0.0000,0.0000,0.0000,0.0000,0.0000,0.0000,0.0000,0.0000,0.0000,0.0000,0.0000,0.0000,0.0000,0.0000,0.0000,0.0000,0.0000,0.0000,0.0000,0.0000,0.0000,0.0000,0.0000
financial_2026h1.group_revenue_yi,2769.17,0.0000,0.0000,0.0000,0.0000,0.0000,0.0000,0.0000,0.0000,0.0000,0.0000,0.0000,0.0000,0.0000,0.0000,0.0000,0.0000,0.0000,0.0000,0.0000,0.0000,0.0000,0.0000,0.0000,0.0000,0.0000,0.0000,0.0000,0.0000,0.0000,0.0000,0.0000,0.0000,0.0000,0.0000,0.0000,0.0000,0.0000
financial_2026h1.group_net_profit_yi,432.84,0.0000,0.0000,0.0000,0.0000,0.0000,0.0000,0.0000,0.0000,0.0000,0.0000,0.0000,0.0000,0.0000,0.0000,0.0000,0.0000,0.0000,0.0000,0.0000,0.0000,0.0000,0.0000,0.0000,0.0000,0.0000,0.0000,0.0000,0.0000,0.0000,0.0000,0.0000,0.0000,0.0000,0.0000,0.0000,0.0000,0.0000
financial_2026h1.group_cfo_yi,602.17,0.0000,0.0000,0.0000,0.0000,0.0000,0.0000,0.0000,0.0000,0.0000,0.0000,0.0000,0.0000,0.0000,0.0000,0.0000,0.0000,0.0000,0.0000,0.0000,0.0000,0.0000,0.0000,0.0000,0.0000,0.0000,0.0000,0.0000,0.0000,0.0000,0.0000,0.0000,0.0000,0.0000,0.0000,0.0000,0.0000,0.0000
financial_2026h1.group_gross_margin,0.2393,0.0000,0.0000,0.0000,0.0000,0.0000,0.0000,0.0000,0.0000,0.0000,0.0000,0.0000,0.0000,0.0000,0.0000,0.0000,0.0000,0.0000,0.0000,0.0000,0.0000,0.0000,0.0000,0.0000,0.0000,0.0000,0.0000,0.0000,0.0000,0.0000,0.0000,0.0000,0.0000,0.0000,0.0000,0.0000,0.0000,0.0000
financial_2026h1.power_battery_revenue_yi,1921.25,0.0000,0.0000,0.0000,0.0000,0.0000,0.0000,0.0000,0.0000,0.0000,0.0000,0.0000,0.0000,0.0000,0.0000,0.0000,0.0000,0.0000,0.0000,0.0000,0.0000,0.0000,0.0000,0.0000,0.0000,0.0000,0.0000,0.0000,0.0000,0.0000,0.0000,0.0000,0.0000,0.0000,0.0000,0.0000,0.0000,0.0000
financial_2026h1.power_battery_revenue_yoy,0.4602,0.0000,0.0000,0.0000,0.0000,0.0000,0.0000,0.0000,0.0000,0.0000,0.0000,0.0000,0.0000,0.0000,0.0000,0.0000,0.0000,0.0000,0.0000,0.0000,0.0000,0.0000,0.0000,0.0000,0.0000,0.0000,0.0000,0.0000,0.0000,0.0000,0.0000,0.0000,0.0000,0.0000,0.0000,0.0000,0.0000,0.0000
financial_2026h1.power_battery_gross_margin,0.2063,0.0000,0.0000,0.0000,0.0000,0.0000,0.0000,0.0000,0.0000,0.0000,0.0000,0.0000,0.0000,0.0000,0.0000,0.0000,0.0000,0.0000,0.0000,0.0000,0.0000,0.0000,0.0000,0.0000,0.0000,0.0000,0.0000,0.0000,0.0000,0.0000,0.0000,0.0000,0.0000,0.0000,0.0000,0.0000,0.0000,0.0000
financial_2026h1.storage_revenue_yi,532.61,0.0000,0.0000,0.0000,0.0000,0.0000,0.0000,0.0000,0.0000,0.0000,0.0000,0.0000,0.0000,0.0000,0.0000,0.0000,0.0000,0.0000,0.0000,0.0000,0.0000,0.0000,0.0000,0.0000,0.0000,0.0000,0.0000,0.0000,0.0000,0.0000,0.0000,0.0000,0.0000,0.0000,0.0000,0.0000,0.0000,0.0000
financial_2026h1.storage_gross_margin,0.2396,0.0000,0.0000,0.0000,0.0000,0.0000,0.0000,0.0000,0.0000,0.0000,0.0000,0.0000,0.0000,0.0000,0.0000,0.0000,0.0000,0.0000,0.0000,0.0000,0.0000,0.0000,0.0000,0.0000,0.0000,0.0000,0.0000,0.0000,0.0000,0.0000,0.0000,0.0000,0.0000,0.0000,0.0000,0.0000,0.0000,0.0000
financial_2026h1.cash_yi,3720.53,0.0000,0.0000,0.0000,0.0000,0.0000,0.0000,0.0000,0.0000,0.0000,0.0000,0.0000,0.0000,0.0000,0.0000,0.0000,0.0000,0.0000,0.0000,0.0000,0.0000,0.0000,0.0000,0.0000,0.0000,0.0000,0.0000,0.0000,0.0000,0.0000,0.0000,0.0000,0.0000,0.0000,0.0000,0.0000,0.0000,0.0000
financial_2026h1.trading_assets_yi,681.58,0.0000,0.0000,0.0000,0.0000,0.0000,0.0000,0.0000,0.0000,0.0000,0.0000,0.0000,0.0000,0.0000,0.0000,0.0000,0.0000,0.0000,0.0000,0.0000,0.0000,0.0000,0.0000,0.0000,0.0000,0.0000,0.0000,0.0000,0.0000,0.0000,0.0000,0.0000,0.0000,0.0000,0.0000,0.0000,0.0000,0.0000
financial_2026e.group_net_profit_consensus_yi,1000,0.0000,0.0000,0.0000,0.0000,0.0000,0.0000,0.0000,0.0000,0.0000,0.0000,0.0000,0.0000,0.0000,0.0000,0.0000,0.0000,0.0000,0.0000,0.0000,0.0000,0.0000,0.0000,0.0000,0.0000,0.0000,0.0000,0.0000,0.0000,0.0000,0.0000,0.0000,0.0000,0.0000,0.0000,0.0000,0.0000,0.0000
financial_2026e.group_market_cap_ah_yi,20000,0.0000,0.0000,0.0000,0.0000,0.0000,0.0000,0.0000,0.0000,0.0000,0.0000,0.0000,0.0000,0.0000,0.0000,0.0000,0.0000,0.0000,0.0000,0.0000,0.0000,0.0000,0.0000,0.0000,0.0000,0.0000,0.0000,0.0000,0.0000,0.0000,0.0000,0.0000,0.0000,0.0000,-0.9091,0.0000,0.0000,0.0000
financial_2026e.power_battery_shipments_gwh,644,0.0000,0.0000,0.0000,0.0000,0.0000,0.0000,0.0000,0.0000,0.0000,0.0000,0.0000,0.0000,0.0000,0.0000,0.0000,0.0000,0.0000,0.0000,0.0000,0.0000,0.0000,0.0000,0.0000,0.0000,0.0000,0.0000,0.0000,0.0000,0.0000,0.0000,0.0000,0.0000,0.0000,0.0000,0.0000,0.0000,0.0000
national_battery_market.power_battery_install_gwh_2025,769.7,0.0000,0.0000,0.0000,0.0000,0.0000,0.0000,0.0000,0.0000,0.0000,0.0000,0.0000,0.0000,0.0000,0.0000,0.0000,0.0000,0.0000,0.0000,0.0000,0.0000,0.0000,0.0000,0.0000,0.0000,0.0000,0.0000,0.0000,0.0000,0.0000,0.0000,0.0000,0.0000,0.0000,0.0000,0.0000,0.0000,0.0000
national_battery_market.power_battery_install_gwh_2030,1350,0.0000,0.0000,0.0000,0.0000,0.0000,0.0000,0.0000,0.0000,0.0000,0.0000,0.0000,0.0000,0.0000,0.0000,0.0000,0.0000,0.0000,0.0000,0.0000,0.0000,0.0000,0.0000,0.0000,0.0000,0.0000,0.0000,0.0000,0.0000,0.0000,0.0000,0.0000,0.0000,0.0000,0.0000,0.0000,0.0000,0.0000
national_battery_market.storage_install_gwh_2025,351,0.0000,0.0000,0.0000,0.0000,0.0000,0.0000,0.0000,0.0000,0.0000,0.0000,0.0000,0.0000,0.0000,0.0000,0.0000,0.0000,0.0000,0.0000,0.0000,0.0000,0.0000,0.0000,0.0000,0.0000,0.0000,0.0000,0.0000,0.0000,0.0000,0.0000,0.0000,0.0000,0.0000,0.0000,0.0000,0.0000,0.0000
national_battery_market.storage_install_gwh_2030,780,0.0000,0.0000,0.0000,0.0000,0.0000,0.0000,0.0000,0.0000,0.0000,0.0000,0.0000,0.0000,0.0000,0.0000,0.0000,0.0000,0.0000,0.0000,0.0000,0.0000,0.0000,0.0000,0.0000,0.0000,0.0000,0.0000,0.0000,0.0000,0.0000,0.0000,0.0000,0.0000,0.0000,0.0000,0.0000,0.0000,0.0000
vehicles.heavy.battery_kwh,500,0.0000,0.0000,0.0000,0.0000,0.0000,0.0000,0.0000,0.0000,0.0000,0.0000,0.0000,0.0000,0.0000,0.0000,0.1129,0.0000,0.0000,0.0000,0.0000,0.0000,0.0000,0.0000,0.0000,0.0000,0.0000,0.0000,0.0000,0.0000,0.0987,0.1772,0.0636,0.1772,-0.1084,-0.1084,0.0000,0.0000,0.0000
vehicles.heavy.stock_wan,900,0.2996,0.0000,0.0000,0.1051,0.4670,0.6430,0.4767,0.6401,0.2024,0.9622,0.0000,0.0783,0.0145,0.3983,0.1129,0.4868,0.5273,0.4996,0.5768,0.5552,0.6401,0.4729,0.4160,0.5623,0.5544,0.4922,0.0594,0.5499,0.1653,0.1772,0.3020,0.1772,0.4909,0.4909,0.3902,-0.0275,0.0000
vehicles.heavy.replacement_cycle_years,9,-0.2753,0.0000,0.0000,-0.0966,-0.4291,-0.5966,-0.4384,-0.5939,-0.1875,-0.8927,0.0000,-0.0712,-0.0132,-0.3621,-0.1026,-0.4444,-0.4810,-0.4546,-0.5256,-0.5131,-0.5939,-0.4348,-0.3860,-0.5212,-0.5122,-0.4495,-0.0657,-0.5095,-0.1503,-0.1611,-0.2779,-0.1611,-0.4548,-0.4548,-0.3547,0.0251,0.0000
vehicles.heavy.pure_electric_share,1,0.2996,0.0000,0.0000,0.1051,0.4670,0.6430,0.4767,0.6401,0.2024,0.9622,0.0000,0.0783,0.0145,0.3983,0.1129,0.4868,0.5273,0.4996,0.5768,0.5552,0.6401,0.4729,0.4160,0.5623,0.5544,0.4922,0.0594,0.5499,0.1653,0.1772,0.3020,0.1772,0.4909,0.4909,0.3902,-0.0275,0.0000
vehicles.heavy.existing_catl_swap_stock_wan,0.7,0.0081,0.0000,0.0000,0.0028,0.0126,0.0000,0.0119,0.0000,0.0000,0.0000,0.0000,0.0000,0.0000,0.0000,0.0000,0.0075,0.0105,0.0000,0.0101,0.0061,0.0000,0.0122,0.0000,0.0014,0.0066,0.0076,-0.0010,0.0059,0.0000,0.0000,0.0021,0.0000,0.0053,0.0053,0.0464,-0.0005,0.0000
vehicles.city.battery_kwh,81,0.0000,0.0000,0.0000,0.0000,0.1828,-0.2922,0.1566,-0.1203,-0.5204,0.0000,-0.7400,0.0000,0.0000,0.1717,0.0892,0.0930,0.0723,0.0782,-0.0531,0.0165,-0.1203,0.1667,-0.4200,-0.1600,0.0350,-0.0106,0.0456,0.0529,0.0813,0.0909,0.0712,0.0909,0.0414,0.0414,0.1264,-0.0038,0.0000
vehicles.city.stock_wan,1500,0.6964,0.0000,0.0000,0.2444,0.1839,0.1915,0.1843,0.1748,0.3403,0.0000,0.4851,0.1993,0.0707,0.1717,0.0892,0.1886,0.1789,0.1494,0.1802,0.1806,0.1748,0.1841,0.2753,0.1901,0.1796,0.1998,-0.0198,0.1794,0.0958,0.0909,0.1255,0.0909,0.1779,0.1779,0.1264,-0.0093,0.0000
vehicles.city.replacement_cycle_years,8,-0.6316,0.0000,0.0000,-0.2217,-0.1668,-0.1736,-0.1671,-0.1586,-0.3086,0.0000,-0.4396,-0.1812,-0.0643,-0.1561,-0.0811,-0.1713,-0.1625,-0.1359,-0.1638,-0.1638,-0.1586,-0.1670,-0.2495,-0.1724,-0.1629,-0.1815,0.0190,-0.1627,-0.0871,-0.0826,-0.1139,-0.0826,-0.1614,-0.1614,-0.1150,0.0085,0.0000
vehicles.city.pure_electric_share,1,0.6964,0.0000,0.0000,0.2444,0.1839,0.1915,0.1843,0.1748,0.3403,0.0000,0.4851,0.1993,0.0707,0.1717,0.0892,0.1886,0.1789,0.1494,0.1802,0.1806,0.1748,0.1841,0.2753,0.1901,0.1796,0.1998,-0.0198,0.1794,0.0958,0.0909,0.1255,0.0909,0.1779,0.1779,0.1264,-0.0093,0.0000
vehicles.city.daily_km,300,0.0000,0.0000,0.0000,0.0000,0.0000,0.1464,0.0081,0.1337,0.2602,0.0000,0.3707,0.0000,0.0000,0.0000,0.0000,0.0289,0.0697,0.1808,0.0700,0.0700,0.1337,0.0049,0.2104,0.1295,0.0638,0.0034,0.0604,0.0626,0.0366,0.0000,0.0458,0.0000,0.1153,0.1153,0.0000,-0.0036,0.0000
vehicles.city.energy_consumption_kwh_km,0.27,0.0000,0.0000,0.0000,0.0000,0.0000,0.1464,0.0081,0.1337,0.2602,0.0000,0.3707,0.0000,0.0000,0.0000,0.0000,0.0289,0.0697,0.1808,0.0700,0.0700,0.1337,0.0049,0.2104,0.1295,0.0638,0.0034,0.0604,0.0626,0.0366,0.0000,0.0458,0.0000,0.1153,0.1153,0.0000,-0.0036,0.0000
vehicles.city.city_existing_nev_stock_wan,62.8,0.0000,0.0000,0.0000,0.0000,0.0000,0.0000,0.0000,0.0000,0.0000,0.0000,0.0000,0.0000,0.0000,0.0000,0.0000,0.0000,0.0000,0.0000,0.0000,0.0000,0.0000,0.0000,0.0000,0.0000,0.0000,0.0000,0.0000,0.0000,0.0000,0.0000,0.0000,0.0000,0.0000,0.0000,0.0000,0.0000,0.0000
vehicles.city.city_stock_swap_penetration,0.02,0.0000,0.0000,0.0000,0.0000,0.0000,0.0000,0.0000,0.0000,0.0000,0.0000,0.0000,0.0000,0.0000,0.0000,0.0000,0.0000,0.0000,0.0000,0.0000,0.0000,0.0000,0.0000,0.0000,0.0000,0.0000,0.0000,0.0000,0.0000,0.0000,0.0000,0.0000,0.0000,0.0000,0.0000,0.0000,0.0000,0.0000
vehicles.city.city_stock_catl_share,0.8,0.0000,0.0000,0.0000,0.0000,0.0000,0.0000,0.0000,0.0000,0.0000,0.0000,0.0000,0.0000,0.0000,0.0000,0.0000,0.0000,0.0000,0.0000,0.0000,0.0000,0.0000,0.0000,0.0000,0.0000,0.0000,0.0000,0.0000,0.0000,0.0000,0.0000,0.0000,0.0000,0.0000,0.0000,0.0000,0.0000,0.0000
vehicles.taxi.replacement_cycle_years,8,0.0000,-0.1905,0.0000,-0.0455,-0.0236,-0.0284,-0.0239,-0.0259,-0.0730,0.0000,-0.1040,-0.0351,-0.0035,-0.0209,-0.0031,-0.0272,-0.0256,-0.0174,-0.0226,-0.0251,-0.0259,-0.0238,-0.0591,-0.0328,-0.0243,-0.0247,0.0004,-0.0247,-0.0047,-0.0053,-0.0118,-0.0053,-0.0216,-0.0216,-0.0190,0.0013,0.0000
vehicles.taxi.battery_kwh,56,0.0000,0.0000,0.0000,0.0000,0.0263,-0.0209,0.0237,0.0077,-0.0542,0.0000,-0.0767,0.0000,0.0000,0.0230,0.0034,0.0162,0.0152,0.0191,0.0102,0.0151,0.0077,0.0247,-0.0436,-0.0050,0.0172,0.0166,0.0006,0.0186,0.0052,0.0058,0.0099,0.0058,0.0161,0.0161,0.0209,-0.0008,0.0000
vehicles.taxi.pure_electric_share,1,0.0000,0.2143,0.0000,0.0512,0.0266,0.0320,0.0269,0.0292,0.0822,0.0000,0.1171,0.0386,0.0039,0.0230,0.0034,0.0301,0.0284,0.0191,0.0249,0.0283,0.0292,0.0268,0.0664,0.0369,0.0274,0.0273,0.0001,0.0279,0.0052,0.0058,0.0132,0.0058,0.0244,0.0244,0.0209,-0.0015,0.0000
vehicles.taxi.daily_km,450,0.0000,0.0000,0.0000,0.0000,0.0000,0.0422,0.0023,0.0385,0.1083,0.0000,0.1548,0.0000,0.0000,0.0000,0.0000,0.0111,0.0105,0.0000,0.0129,0.0203,0.0385,0.0014,0.0878,0.0447,0.0178,0.0082,0.0095,0.0188,0.0000,0.0000,0.0067,0.0000,0.0168,0.0168,0.0000,-0.0005,0.0000
vehicles.taxi.energy_consumption_kwh_km,0.15,0.0000,0.0000,0.0000,0.0000,0.0000,0.0422,0.0023,0.0385,0.1083,0.0000,0.1548,0.0000,0.0000,0.0000,0.0000,0.0111,0.0105,0.0000,0.0129,0.0203,0.0385,0.0014,0.0878,0.0447,0.0178,0.0082,0.0095,0.0188,0.0000,0.0000,0.0067,0.0000,0.0168,0.0168,0.0000,-0.0005,0.0000
vehicles.ridehail.replacement_cycle_years,8,0.0000,-0.1786,0.0000,-0.0426,-0.0222,-0.0195,-0.0220,-0.0178,-0.0502,0.0000,-0.0715,-0.0320,-0.0032,-0.0190,-0.0028,-0.0232,-0.0218,-0.0159,-0.0183,-0.0201,-0.0178,-0.0221,-0.0406,-0.0232,-0.0198,-0.0213,0.0015,-0.0201,-0.0043,-0.0048,-0.0099,-0.0048,-0.0176,-0.0176,-0.0173,0.0011,0.0000
vehicles.ridehail.battery_kwh,56,0.0000,0.0000,0.0000,0.0000,0.0239,-0.0192,0.0216,0.0000,-0.0493,0.0000,-0.0702,0.0000,0.0000,0.0209,0.0031,0.0148,0.0139,0.0175,0.0093,0.0105,0.0000,0.0225,-0.0399,-0.0083,0.0124,0.0151,-0.0027,0.0130,0.0047,0.0053,0.0077,0.0053,0.0112,0.0112,0.0191,-0.0007,0.0000
vehicles.ridehail.pure_electric_share,1,0.0000,0.1905,0.0000,0.0455,0.0236,0.0209,0.0235,0.0190,0.0536,0.0000,0.0767,0.0352,0.0035,0.0209,0.0031,0.0253,0.0238,0.0175,0.0201,0.0215,0.0190,0.0236,0.0436,0.0248,0.0211,0.0233,-0.0022,0.0214,0.0047,0.0053,0.0106,0.0053,0.0187,0.0187,0.0191,-0.0012,0.0000
vehicles.ridehail.daily_km,342,0.0000,0.0000,0.0000,0.0000,0.0000,0.0383,0.0021,0.0350,0.0986,0.0000,0.1405,0.0000,0.0000,0.0000,0.0000,0.0101,0.0095,0.0000,0.0104,0.0185,0.0350,0.0013,0.0797,0.0406,0.0162,0.0078,0.0084,0.0173,0.0000,0.0000,0.0062,0.0000,0.0155,0.0155,0.0000,-0.0005,0.0000
vehicles.ridehail.energy_consumption_kwh_km,0.15,0.0000,0.0000,0.0000,0.0000,0.0000,0.0383,0.0021,0.0350,0.0986,0.0000,0.1405,0.0000,0.0000,0.0000,0.0000,0.0101,0.0095,0.0000,0.0104,0.0185,0.0350,0.0013,0.0797,0.0406,0.0162,0.0078,0.0084,0.0173,0.0000,0.0000,0.0062,0.0000,0.0155,0.0155,0.0000,-0.0005,0.0000
vehicles.robotaxi.battery_kwh,56,0.0000,0.0000,0.0000,0.0000,0.0739,-0.0589,0.0666,0.0216,-0.1522,0.0000,-0.2159,0.0000,0.0000,0.1666,0.0000,0.0435,0.0410,0.1389,0.0272,0.0423,0.0216,0.0694,-0.1225,-0.0141,0.0482,0.0446,0.0036,0.0525,0.0160,0.0106,0.0290,0.0106,0.0568,0.0568,0.0000,-0.0021,0.0000
vehicles.robotaxi.pure_electric_share,1,0.0000,0.5952,0.0000,0.1421,0.0739,0.0888,0.0747,0.0811,0.2283,0.0000,0.3251,0.2798,0.0000,0.1666,0.0000,0.0824,0.0776,0.1389,0.0682,0.0786,0.0811,0.0744,0.1845,0.1024,0.0761,0.0744,0.0017,0.0777,0.0160,0.0106,0.0379,0.0106,0.0793,0.0793,0.0000,-0.0040,0.0000
vehicles.robotaxi.daily_km,450,0.0000,0.0000,0.0000,0.0000,0.0000,0.1186,0.0065,0.1081,0.3043,0.0000,0.4344,0.0000,0.0000,0.0000,0.0000,0.0312,0.0294,0.0000,0.0359,0.0571,0.1081,0.0040,0.2466,0.1256,0.0499,0.0227,0.0272,0.0527,0.0000,0.0000,0.0187,0.0000,0.0471,0.0471,0.0000,-0.0015,0.0000
vehicles.robotaxi.energy_consumption_kwh_km,0.15,0.0000,0.0000,0.0000,0.0000,0.0000,0.1186,0.0065,0.1081,0.3043,0.0000,0.4344,0.0000,0.0000,0.0000,0.0000,0.0312,0.0294,0.0000,0.0359,0.0571,0.1081,0.0040,0.2466,0.1256,0.0499,0.0227,0.0272,0.0527,0.0000,0.0000,0.0187,0.0000,0.0471,0.0471,0.0000,-0.0015,0.0000
vehicles.private.battery_kwh,56,0.0000,0.0000,0.0000,0.0000,0.2134,0.0000,0.2017,0.0312,0.0000,0.0000,0.0000,0.0000,0.0000,0.2196,0.7915,0.1757,0.1653,0.1831,0.1095,0.1177,0.0312,0.2062,0.0000,0.0407,0.1258,0.1708,-0.0442,0.1291,0.7130,0.7101,0.5055,0.7101,0.1957,0.1957,0.1603,-0.0086,0.0000
vehicles.private.pure_electric_share,1,0.0000,0.0000,1.0042,0.4120,0.2143,0.0000,0.2025,0.0314,0.0883,0.0000,0.0000,0.3688,0.9074,0.2196,0.7915,0.1757,0.1653,0.1831,0.1165,0.1182,0.0314,0.2071,0.0000,0.0408,0.1263,0.1703,-0.0432,0.1283,0.7130,0.7101,0.5053,0.7101,0.1950,0.1950,0.1603,-0.0086,0.0000
vehicles.private.daily_km,60,0.0000,0.0000,0.0000,0.0000,0.0000,0.0000,0.0000,0.0000,0.0000,0.0000,0.0000,0.0000,0.0000,0.0000,0.0000,0.0000,0.0000,0.0000,0.0065,0.0000,0.0000,0.0000,0.0000,0.0000,0.0000,-0.0013,0.0013,-0.0013,0.0000,0.0000,-0.0005,0.0000,-0.0012,-0.0012,0.0000,0.0000,0.0000
vehicles.private.energy_consumption_kwh_km,0.15,0.0000,0.0000,0.0000,0.0000,0.0000,0.0000,0.0000,0.0000,0.0000,0.0000,0.0000,0.0000,0.0000,0.0000,0.0000,0.0000,0.0000,0.0000,0.0065,0.0000,0.0000,0.0000,0.0000,0.0000,0.0000,-0.0013,0.0013,-0.0013,0.0000,0.0000,-0.0005,0.0000,-0.0012,-0.0012,0.0000,0.0000,0.0000
vehicles.private.scenario_swap_penetration.保守.8万元以下,0,0.0000,0.0000,0.0000,0.0000,0.0000,0.0000,0.0000,0.0000,0.0000,0.0000,0.0000,0.0000,0.0000,0.0000,0.0000,0.0000,0.0000,0.0000,0.0000,0.0000,0.0000,0.0000,0.0000,0.0000,0.0000,0.0000,0.0000,0.0000,0.0000,0.0000,0.0000,0.0000,0.0000,0.0000,0.0000,0.0000,0.0000
vehicles.private.scenario_swap_penetration.保守.8至15万元,0.03,0.0000,0.0000,0.0000,0.0000,0.0000,0.0000,0.0000,0.0000,0.0000,0.0000,0.0000,0.0000,0.0000,0.0000,0.0000,0.0000,0.0000,0.0000,0.0000,0.0000,0.0000,0.0000,0.0000,0.0000,0.0000,0.0000,0.0000,0.0000,0.0000,0.0000,0.0000,0.0000,0.0000,0.0000,0.0000,0.0000,0.0000
vehicles.private.scenario_swap_penetration.保守.15万元以上,0,0.0000,0.0000,0.0000,0.0000,0.0000,0.0000,0.0000,0.0000,0.0000,0.0000,0.0000,0.0000,0.0000,0.0000,0.0000,0.0000,0.0000,0.0000,0.0000,0.0000,0.0000,0.0000,0.0000,0.0000,0.0000,0.0000,0.0000,0.0000,0.0000,0.0000,0.0000,0.0000,0.0000,0.0000,0.0000,0.0000,0.0000
vehicles.private.scenario_swap_penetration.中枢.8万元以下,0,0.0000,0.0000,0.0000,0.0000,0.0000,0.0000,0.0000,0.0000,0.0000,0.0000,0.0000,0.0000,0.0000,0.0000,0.0000,0.0000,0.0000,0.0000,0.0000,0.0000,0.0000,0.0000,0.0000,0.0000,0.0000,0.0000,0.0000,0.0000,0.0000,0.0000,0.0000,0.0000,0.0000,0.0000,0.0000,0.0000,0.0000
vehicles.private.scenario_swap_penetration.中枢.8至15万元,0.05,0.0000,0.0000,0.0000,0.0000,0.0000,0.0000,0.0000,0.0000,0.0000,0.0000,0.0000,0.0000,0.0000,0.0000,0.0000,0.0000,0.0000,0.0000,0.0000,0.0000,0.0000,0.0000,0.0000,0.0000,0.0000,0.0000,0.0000,0.0000,0.0000,0.0000,0.0000,0.0000,0.0000,0.0000,0.0000,0.0000,0.0000
vehicles.private.scenario_swap_penetration.中枢.15万元以上,0.03,0.0000,0.0000,0.0000,0.0000,0.0000,0.0000,0.0000,0.0000,0.0000,0.0000,0.0000,0.0000,0.0000,0.0000,0.0000,0.0000,0.0000,0.0000,0.0000,0.0000,0.0000,0.0000,0.0000,0.0000,0.0000,0.0000,0.0000,0.0000,0.0000,0.0000,0.0000,0.0000,0.0000,0.0000,0.0000,0.0000,0.0000
vehicles.private.scenario_swap_penetration.激进.8万元以下,0.03,0.0000,0.0000,0.0000,0.0000,0.0000,0.0000,0.0000,0.0000,0.0000,0.0000,0.0000,0.0000,0.0000,0.0000,0.0000,0.0000,0.0000,0.0000,0.0000,0.0000,0.0000,0.0000,0.0000,0.0000,0.0000,0.0000,0.0000,0.0000,0.0000,0.0000,0.0000,0.0000,0.0000,0.0000,0.0000,0.0000,0.0000
vehicles.private.scenario_swap_penetration.激进.8至15万元,0.08,0.0000,0.0000,0.0000,0.0000,0.0000,0.0000,0.0000,0.0000,0.0000,0.0000,0.0000,0.0000,0.0000,0.0000,0.0000,0.0000,0.0000,0.0000,0.0000,0.0000,0.0000,0.0000,0.0000,0.0000,0.0000,0.0000,0.0000,0.0000,0.0000,0.0000,0.0000,0.0000,0.0000,0.0000,0.0000,0.0000,0.0000
vehicles.private.scenario_swap_penetration.激进.15万元以上,0.05,0.0000,0.0000,0.0000,0.0000,0.0000,0.0000,0.0000,0.0000,0.0000,0.0000,0.0000,0.0000,0.0000,0.0000,0.0000,0.0000,0.0000,0.0000,0.0000,0.0000,0.0000,0.0000,0.0000,0.0000,0.0000,0.0000,0.0000,0.0000,0.0000,0.0000,0.0000,0.0000,0.0000,0.0000,0.0000,0.0000,0.0000
operating_demand.passenger_trips_2025_yi,344.82,0.0000,0.0000,0.0000,0.0000,0.0000,0.0000,0.0000,0.0000,0.0000,0.0000,0.0000,0.0000,0.0000,0.0000,0.0000,0.0000,0.0000,0.0000,0.0000,0.0000,0.0000,0.0000,0.0000,0.0000,0.0000,0.0000,0.0000,0.0000,0.0000,0.0000,0.0000,0.0000,0.0000,0.0000,0.0000,0.0000,0.0000
operating_demand.average_trip_km,9,0.0000,0.0000,0.0000,0.0000,0.0000,0.0000,0.0000,0.0000,0.0000,0.0000,0.0000,0.0000,0.0000,0.0000,0.0000,0.0000,0.0000,0.0000,0.0000,0.0000,0.0000,0.0000,0.0000,0.0000,0.0000,0.0000,0.0000,0.0000,0.0000,0.0000,0.0000,0.0000,0.0000,0.0000,0.0000,0.0000,0.0000
operating_demand.pool_2030_yi_km,3500,0.0000,0.4881,0.0000,0.1165,0.0606,0.0536,0.0602,0.0488,0.1373,0.0000,0.1964,0.0883,0.0088,0.0526,0.0077,0.0639,0.0601,0.0438,0.0505,0.0551,0.0488,0.0604,0.1115,0.0636,0.0542,0.0587,-0.0045,0.0549,0.0118,0.0134,0.0271,0.0134,0.0480,0.0480,0.0478,-0.0031,0.0000
operating_demand.robotaxi_fleet_wan,50,0.0000,-0.0833,0.0000,-0.0199,-0.0103,-0.0089,-0.0103,-0.0083,-0.0234,0.0000,-0.0325,-0.0146,-0.0015,-0.0087,-0.0013,-0.0105,-0.0099,-0.0072,-0.0083,-0.0094,-0.0083,-0.0103,-0.0185,-0.0107,-0.0093,-0.0097,0.0005,-0.0094,-0.0019,-0.0022,-0.0046,-0.0022,-0.0082,-0.0082,-0.0079,0.0005,0.0000
operating_demand.robotaxi_daily_km,350,0.0000,-0.0833,0.0000,-0.0199,-0.0103,-0.0089,-0.0103,-0.0083,-0.0234,0.0000,-0.0325,-0.0146,-0.0015,-0.0087,-0.0013,-0.0105,-0.0099,-0.0072,-0.0083,-0.0094,-0.0083,-0.0103,-0.0185,-0.0107,-0.0093,-0.0097,0.0005,-0.0094,-0.0019,-0.0022,-0.0046,-0.0022,-0.0082,-0.0082,-0.0079,0.0005,0.0000
operating_demand.robotaxi_days,330,0.0000,-0.0833,0.0000,-0.0199,-0.0103,-0.0089,-0.0103,-0.0083,-0.0234,0.0000,-0.0325,-0.0146,-0.0015,-0.0087,-0.0013,-0.0105,-0.0099,-0.0072,-0.0083,-0.0094,-0.0083,-0.0103,-0.0185,-0.0107,-0.0093,-0.0097,0.0005,-0.0094,-0.0019,-0.0022,-0.0046,-0.0022,-0.0082,-0.0082,-0.0079,0.0005,0.0000
operating_demand.human_daily_km,350,0.0000,-0.3690,0.0000,-0.0881,-0.0458,-0.0401,-0.0455,-0.0369,-0.1038,0.0000,-0.1470,-0.0670,-0.0067,-0.0399,-0.0059,-0.0483,-0.0455,-0.0333,-0.0383,-0.0416,-0.0369,-0.0456,-0.0834,-0.0478,-0.0410,-0.0445,0.0036,-0.0415,-0.0090,-0.0101,-0.0205,-0.0101,-0.0363,-0.0363,-0.0363,0.0024,0.0000
operating_demand.human_days,330,0.0000,-0.3690,0.0000,-0.0881,-0.0458,-0.0401,-0.0455,-0.0369,-0.1038,0.0000,-0.1470,-0.0670,-0.0067,-0.0399,-0.0059,-0.0483,-0.0455,-0.0333,-0.0383,-0.0416,-0.0369,-0.0456,-0.0834,-0.0478,-0.0410,-0.0445,0.0036,-0.0415,-0.0090,-0.0101,-0.0205,-0.0101,-0.0363,-0.0363,-0.0363,0.0024,0.0000
operating_demand.taxi_stock_wan,132.31,0.0000,0.0000,0.0000,0.0000,0.0000,0.0085,0.0005,0.0078,0.0219,0.0000,0.0312,0.0000,0.0000,0.0000,0.0000,0.0022,0.0021,0.0000,0.0028,0.0041,0.0078,0.0003,0.0177,0.0090,0.0036,0.0016,0.0020,0.0037,0.0000,0.0000,0.0013,0.0000,0.0033,0.0033,0.0000,-0.0001,0.0000
stations.qiji75_short.station_body_capex_wan,500,0.0000,0.0000,0.0000,0.0000,0.0000,0.0000,0.0000,0.0000,0.0000,0.0000,0.0000,0.0000,0.0000,0.0000,0.0000,0.0053,0.0046,0.0000,0.0033,0.0000,0.0000,0.0000,0.0000,0.0002,-0.0000,0.0043,-0.0044,-0.0007,0.0000,0.0000,-0.0002,0.0000,-0.0006,-0.0006,0.0064,-0.0002,0.0000
stations.qiji75_short.inventory_blocks,24,0.0000,0.0000,0.0000,0.0000,0.0000,0.0522,0.0029,0.0000,0.0000,0.0000,0.0000,0.0000,0.0000,0.0000,0.0000,0.0026,0.0022,0.0000,0.0017,0.0025,0.0000,0.0018,0.0000,0.0003,0.0027,0.0026,0.0001,0.0029,0.0000,0.0000,0.0010,0.0000,0.0026,0.0026,0.0031,-0.0001,0.0000
stations.qiji75_short.block_kwh,171,0.0000,0.0000,0.0000,0.0000,0.0000,0.0522,0.0029,0.0000,0.0000,0.0000,0.0000,0.0000,0.0000,0.0000,0.0000,0.0026,0.0022,0.0000,0.0017,0.0025,0.0000,0.0018,0.0000,0.0003,0.0027,0.0026,0.0001,0.0029,0.0000,0.0000,0.0010,0.0000,0.0026,0.0026,0.0031,-0.0001,0.0000
stations.qiji75_short.charging_power_kw,4500,0.0000,0.0000,0.0000,0.0000,0.0000,0.0000,0.0000,0.0000,0.0000,0.0000,0.0000,0.0000,0.0000,0.0000,0.0000,0.0000,0.0000,0.0000,0.0000,0.0000,0.0000,0.0000,0.0000,0.0000,0.0000,0.0000,0.0000,0.0000,0.0000,0.0000,0.0000,0.0000,0.0000,0.0000,0.0000,0.0000,0.0000
stations.qiji75_short.operating_hours_day,16,0.0000,0.0000,0.0000,0.0000,0.0000,0.0000,0.0000,0.0000,0.0000,0.0000,0.0000,0.0000,0.0000,0.0000,0.0000,0.0000,0.0000,0.0000,0.0000,0.0000,0.0000,0.0000,0.0000,0.0000,0.0000,0.0000,0.0000,0.0000,0.0000,0.0000,0.0000,0.0000,0.0000,0.0000,0.0000,0.0000,0.0000
stations.qiji75_short.swap_duration_seconds,300,0.0000,0.0000,0.0000,0.0000,0.0000,0.0000,0.0000,0.0000,0.0000,0.0000,0.0000,0.0000,0.0000,0.0000,0.0000,0.0000,0.0000,0.0000,0.0000,0.0000,0.0000,0.0000,0.0000,0.0000,0.0000,0.0000,0.0000,0.0000,0.0000,0.0000,0.0000,0.0000,0.0000,0.0000,0.0000,0.0000,0.0000
stations.qiji75_short.planning_daily_capacity,192,0.0000,0.0000,0.0000,0.0000,0.0000,0.0000,0.0000,0.0000,0.0000,0.0000,0.0000,0.0000,0.0000,0.0000,0.0000,0.0000,0.0000,0.0000,0.0000,0.0000,0.0000,0.0000,0.0000,0.0000,0.0000,0.0000,0.0000,0.0000,0.0000,0.0000,0.0000,0.0000,0.0000,0.0000,0.0000,0.0000,0.0000
stations.qiji75_trunk.station_body_capex_wan,500,0.0000,0.0000,0.0000,0.0000,0.0000,0.0000,0.0000,0.0000,0.0000,0.0000,0.0000,0.0000,0.0000,0.0000,0.0000,0.0630,0.0542,0.0000,0.0386,0.0000,0.0000,0.0000,0.0000,0.0028,-0.0003,0.0512,-0.0512,-0.0082,0.0000,0.0000,-0.0029,0.0000,-0.0073,-0.0073,0.0754,-0.0028,0.0000
stations.qiji75_trunk.inventory_blocks,24,0.0000,0.0000,0.0000,0.0000,0.0000,0.6161,0.0339,0.0000,0.0000,0.0000,0.0000,0.0000,0.0000,0.0000,0.0000,0.0305,0.0260,0.0205,0.0252,0.0291,0.0000,0.0208,0.0000,0.0041,0.0317,0.0521,-0.0203,0.0330,-0.0005,0.0000,0.0114,0.0000,0.0287,0.0287,0.0365,-0.0014,0.0000
stations.qiji75_trunk.block_kwh,171,0.0000,0.0000,0.0000,0.0000,0.0000,0.6161,0.0339,0.0000,0.0000,0.0000,0.0000,0.0000,0.0000,0.0000,0.0000,0.0305,0.0260,0.0205,0.0252,0.0291,0.0000,0.0208,0.0000,0.0041,0.0317,0.0521,-0.0203,0.0330,-0.0005,0.0000,0.0114,0.0000,0.0287,0.0287,0.0365,-0.0014,0.0000
stations.qiji75_trunk.charging_power_kw,4500,0.0000,0.0000,0.0000,0.0000,0.0000,0.0000,0.0000,0.0000,0.0000,0.0000,0.0000,0.0000,0.0000,0.0000,0.0000,0.0000,0.0000,0.0000,0.0000,0.0000,0.0000,0.0000,0.0000,0.0000,0.0000,0.0000,0.0000,0.0000,0.0000,0.0000,0.0000,0.0000,0.0000,0.0000,0.0000,0.0000,0.0000
stations.qiji75_trunk.operating_hours_day,16,0.0000,0.0000,0.0000,0.0000,0.0000,0.0000,0.0000,0.0000,0.0000,0.0000,0.0000,0.0000,0.0000,0.0000,0.0000,0.0000,0.0000,0.0000,0.0000,0.0000,0.0000,0.0000,0.0000,0.0000,0.0000,0.0000,0.0000,0.0000,0.0000,0.0000,0.0000,0.0000,0.0000,0.0000,0.0000,0.0000,0.0000
stations.qiji75_trunk.swap_duration_seconds,300,0.0000,0.0000,0.0000,0.0000,0.0000,0.0000,0.0000,0.0000,0.0000,0.0000,0.0000,0.0000,0.0000,0.0000,0.0000,0.0000,0.0000,0.0000,0.0000,0.0000,0.0000,0.0000,0.0000,0.0000,0.0000,0.0000,0.0000,0.0000,0.0000,0.0000,0.0000,0.0000,0.0000,0.0000,0.0000,0.0000,0.0000
stations.qiji75_trunk.planning_daily_capacity,192,0.0000,0.0000,0.0000,0.0000,0.0000,0.0000,0.0000,0.0000,0.0000,0.0000,0.0000,0.0000,0.0000,0.0000,0.0000,0.0000,0.0000,0.0000,0.0000,0.0000,0.0000,0.0000,0.0000,0.0000,0.0000,0.0000,0.0000,0.0000,0.0000,0.0000,0.0000,0.0000,0.0000,0.0000,0.0000,0.0000,0.0000
stations.choco25_passenger.station_body_capex_wan,200,0.0000,0.0000,0.0000,0.0000,0.0000,0.0000,0.0000,0.0000,0.0000,0.0000,0.0000,0.0000,0.0000,0.0000,0.0000,0.0303,0.0212,0.0000,0.0185,0.0000,0.0000,0.0000,0.0000,0.0013,-0.0001,0.0246,-0.0247,-0.0039,0.0000,0.0000,-0.0014,0.0000,-0.0035,-0.0035,0.0865,-0.0011,0.0000
stations.choco25_passenger.inventory_blocks,14,0.0000,0.0000,0.0000,0.0000,0.0000,0.1414,0.0078,0.0000,0.0000,0.0000,0.0000,0.0000,0.0000,0.0000,0.0000,0.0070,0.0049,0.0000,0.0044,0.0067,0.0000,0.0048,0.0000,0.0009,0.0073,0.0069,0.0004,0.0079,0.0000,0.0000,0.0028,0.0000,0.0070,0.0070,0.0200,-0.0003,0.0000
stations.choco25_passenger.block_kwh,56,0.0000,0.0000,0.0000,0.0000,0.0000,0.1414,0.0078,0.0000,0.0000,0.0000,0.0000,0.0000,0.0000,0.0000,0.0000,0.0070,0.0049,0.0000,0.0044,0.0067,0.0000,0.0048,0.0000,0.0009,0.0073,0.0069,0.0004,0.0079,0.0000,0.0000,0.0028,0.0000,0.0070,0.0070,0.0200,-0.0003,0.0000
stations.choco25_passenger.charging_power_kw,1120,0.0000,0.0000,0.0000,0.0000,0.0000,0.0000,0.0000,0.0000,0.0000,0.0000,0.0000,0.0000,0.0000,0.0000,0.0000,0.0000,0.0000,0.0000,0.0000,0.0000,0.0000,0.0000,0.0000,0.0000,0.0000,0.0000,0.0000,0.0000,0.0000,0.0000,0.0000,0.0000,0.0000,0.0000,0.0000,0.0000,0.0000
stations.choco25_passenger.operating_hours_day,24,0.0000,0.0000,0.0000,0.0000,0.0000,0.0000,0.0000,0.0000,0.0000,0.0000,0.0000,0.0000,0.0000,0.0000,0.0000,0.0000,0.0000,0.0000,0.0000,0.0000,0.0000,0.0000,0.0000,0.0000,0.0000,0.0000,0.0000,0.0000,0.0000,0.0000,0.0000,0.0000,0.0000,0.0000,0.0000,0.0000,0.0000
stations.choco25_passenger.swap_duration_seconds,100,0.0000,0.0000,0.0000,0.0000,0.0000,0.0000,0.0000,0.0000,0.0000,0.0000,0.0000,0.0000,0.0000,0.0000,0.0000,0.0000,0.0000,0.0000,0.0000,0.0000,0.0000,0.0000,0.0000,0.0000,0.0000,0.0000,0.0000,0.0000,0.0000,0.0000,0.0000,0.0000,0.0000,0.0000,0.0000,0.0000,0.0000
stations.choco25_passenger.planning_daily_capacity,300,0.0000,0.0000,0.0000,0.0000,0.0000,-0.1285,-0.0071,0.0000,0.0000,0.0000,-0.4708,0.0000,0.0000,0.0000,0.0000,-0.0339,-0.0319,0.0000,-0.0209,-0.0076,0.0000,-0.0043,-0.2672,-0.0739,-0.0007,-0.0286,0.0280,0.0034,0.0000,0.0000,0.0012,0.0000,0.0031,0.0031,0.0000,0.0017,0.0000
stations.choco35_city.station_body_capex_wan,200,0.0000,0.0000,0.0000,0.0000,0.0000,0.0000,0.0000,0.0000,0.0000,0.0000,0.0000,0.0000,0.0000,0.0000,0.0000,0.0282,0.0265,0.0000,0.0172,0.0000,0.0000,0.0000,0.0000,0.0012,-0.0001,0.0229,-0.0229,-0.0036,0.0000,0.0000,-0.0013,0.0000,-0.0033,-0.0033,0.0066,-0.0014,0.0000
stations.choco35_city.inventory_blocks,14,0.0000,0.0000,0.0000,0.0000,0.0000,0.1903,0.0105,0.0000,0.0000,0.0000,0.0000,0.0000,0.0000,0.0000,0.0000,0.0094,0.0061,-0.0118,0.0064,0.0090,0.0000,0.0064,0.0000,0.0013,0.0098,0.0114,-0.0016,0.0105,-0.0024,0.0000,0.0022,0.0000,0.0054,0.0054,0.0022,-0.0003,0.0000
stations.choco35_city.block_kwh,81,0.0000,0.0000,0.0000,0.0000,0.0000,0.1903,0.0105,0.0000,0.0000,0.0000,0.0000,0.0000,0.0000,0.0000,0.0000,0.0094,0.0061,-0.0118,0.0064,0.0090,0.0000,0.0064,0.0000,0.0013,0.0098,0.0114,-0.0016,0.0105,-0.0024,0.0000,0.0022,0.0000,0.0054,0.0054,0.0022,-0.0003,0.0000
stations.choco35_city.charging_power_kw,1120,0.0000,0.0000,0.0000,0.0000,0.0000,0.0000,0.0000,0.0000,0.0000,0.0000,0.0000,0.0000,0.0000,0.0000,0.0000,0.0000,0.0000,0.0000,0.0000,0.0000,0.0000,0.0000,0.0000,0.0000,0.0000,0.0000,0.0000,0.0000,0.0000,0.0000,0.0000,0.0000,0.0000,0.0000,0.0000,0.0000,0.0000
stations.choco35_city.operating_hours_day,24,0.0000,0.0000,0.0000,0.0000,0.0000,0.0000,0.0000,0.0000,0.0000,0.0000,0.0000,0.0000,0.0000,0.0000,0.0000,0.0000,0.0000,0.0000,0.0000,0.0000,0.0000,0.0000,0.0000,0.0000,0.0000,0.0000,0.0000,0.0000,0.0000,0.0000,0.0000,0.0000,0.0000,0.0000,0.0000,0.0000,0.0000
stations.choco35_city.swap_duration_seconds,100,0.0000,0.0000,0.0000,0.0000,0.0000,0.0000,0.0000,0.0000,0.0000,0.0000,0.0000,0.0000,0.0000,0.0000,0.0000,0.0000,0.0000,0.0000,0.0000,0.0000,0.0000,0.0000,0.0000,0.0000,0.0000,0.0000,0.0000,0.0000,0.0000,0.0000,0.0000,0.0000,0.0000,0.0000,0.0000,0.0000,0.0000
stations.choco35_city.planning_daily_capacity,300,0.0000,0.0000,0.0000,0.0000,0.0000,-0.1725,-0.0095,0.0000,0.0000,0.0000,-0.4370,0.0000,0.0000,0.0000,0.0000,-0.0341,-0.0295,0.0108,-0.0215,-0.0096,0.0000,-0.0058,-0.2480,-0.0690,-0.0034,-0.0311,0.0278,0.0003,0.0022,0.0000,0.0015,0.0000,0.0038,0.0038,0.0000,0.0015,0.0000
construction.station_network_completion_year,2028,0.0000,0.0000,0.0000,0.0000,0.0000,0.0000,0.0000,0.0000,0.0000,0.0000,0.0000,0.0000,0.0000,0.0000,0.0000,0.0000,0.0000,0.0000,0.0000,0.0000,0.0000,0.0000,0.0000,0.0000,0.0000,0.0000,0.0000,0.0000,0.0000,0.0000,0.0000,0.0000,0.0000,0.0000,0.0000,0.0000,0.0000
construction.opening_2025_stations.heavy,305,0.0000,0.0000,0.0000,0.0000,0.0000,0.0000,0.0000,0.0000,0.0000,0.0000,0.0000,0.0000,0.0000,0.0000,0.0000,0.0000,-0.0082,0.0000,0.0000,0.0000,0.0000,0.0000,0.0000,0.0000,0.0000,0.0000,0.0000,0.0000,0.0000,0.0000,0.0000,0.0000,0.0000,0.0000,-0.0541,0.0004,0.0000
construction.opening_2025_stations.choco,1020,0.0000,0.0000,0.0000,0.0000,0.0000,0.0000,0.0000,0.0000,0.0000,0.0000,0.0000,0.0000,0.0000,0.0000,0.0000,0.0000,0.0000,0.0000,0.0000,0.0000,0.0000,0.0000,0.0000,0.0000,0.0000,0.0000,0.0000,0.0000,0.0000,0.0000,0.0000,0.0000,0.0000,0.0000,0.0000,0.0000,0.0000
construction.opening_2025_choco_by_pool.choco25_passenger,1020,0.0000,0.0000,0.0000,0.0000,0.0000,0.0000,0.0000,0.0000,0.0000,0.0000,0.0000,0.0000,0.0000,0.0000,0.0000,0.0000,0.0000,0.0000,0.0000,0.0000,0.0000,0.0000,0.0000,0.0000,0.0000,0.0000,0.0000,0.0000,0.0000,0.0000,0.0000,0.0000,0.0000,0.0000,0.0000,0.0000,0.0000
construction.opening_2025_choco_by_pool.choco35_city,0,0.0000,0.0000,0.0000,0.0000,0.0000,0.0000,0.0000,0.0000,0.0000,0.0000,0.0000,0.0000,0.0000,0.0000,0.0000,0.0000,0.0000,0.0000,0.0000,0.0000,0.0000,0.0000,0.0000,0.0000,0.0000,0.0000,0.0000,0.0000,0.0000,0.0000,0.0000,0.0000,0.0000,0.0000,0.0000,0.0000,0.0000
construction.station_2026_cumulative_targets.heavy,1000,0.0000,0.0000,0.0000,0.0000,0.0000,0.0000,0.0000,0.0000,0.0000,0.0000,0.0000,0.0000,0.0000,0.0000,0.0000,0.0000,0.0021,-0.0087,0.0003,0.0000,0.0000,0.0000,0.0000,0.0000,0.0000,0.0003,-0.0003,-0.0001,0.0000,0.0000,-0.0000,0.0000,-0.0001,-0.0001,0.1745,-0.0001,0.0000
construction.station_2026_cumulative_targets.choco,3000,0.0000,0.0000,0.0000,0.0000,0.0000,0.0000,0.0000,0.0000,0.0000,0.0000,0.0000,0.0000,0.0000,0.0000,0.0000,0.0000,0.0000,0.0000,0.0000,0.0000,0.0000,0.0000,0.0000,0.0000,0.0000,0.0000,0.0000,0.0000,0.0000,0.0000,0.0000,0.0000,0.0000,0.0000,0.0000,0.0000,0.0000
construction.station_2026_choco_targets_by_pool.choco25_passenger,2860,0.0000,0.0000,0.0000,0.0000,0.0000,0.0000,0.0000,0.0000,0.0000,0.0000,0.0000,0.0000,0.0000,0.0000,0.0000,0.0000,0.0000,0.0000,0.0000,0.0000,0.0000,0.0000,0.0000,0.0000,0.0000,0.0000,0.0000,0.0000,0.0000,0.0000,0.0000,0.0000,0.0000,0.0000,0.0000,0.0000,0.0000
construction.station_2026_choco_targets_by_pool.choco35_city,140,0.0000,0.0000,0.0000,0.0000,0.0000,0.0000,0.0000,0.0000,0.0000,0.0000,0.0000,0.0000,0.0000,0.0000,0.0000,0.0000,0.0000,0.0000,0.0000,0.0000,0.0000,0.0000,0.0000,0.0000,0.0000,0.0000,0.0000,0.0000,0.0000,0.0000,0.0000,0.0000,0.0000,0.0000,0.0000,0.0000,0.0000
construction.official_2026_station_plan.heavy,900,0.0000,0.0000,0.0000,0.0000,0.0000,0.0000,0.0000,0.0000,0.0000,0.0000,0.0000,0.0000,0.0000,0.0000,0.0000,0.0000,0.0000,0.0000,0.0000,0.0000,0.0000,0.0000,0.0000,0.0000,0.0000,0.0000,0.0000,0.0000,0.0000,0.0000,0.0000,0.0000,0.0000,0.0000,0.0000,0.0000,0.0000
construction.official_2026_station_plan.choco,3000,0.0000,0.0000,0.0000,0.0000,0.0000,0.0000,0.0000,0.0000,0.0000,0.0000,0.0000,0.0000,0.0000,0.0000,0.0000,0.0000,0.0000,0.0000,0.0000,0.0000,0.0000,0.0000,0.0000,0.0000,0.0000,0.0000,0.0000,0.0000,0.0000,0.0000,0.0000,0.0000,0.0000,0.0000,0.0000,0.0000,0.0000
construction.battery_price_curve.base_price_rmb_kwh,590,0.0000,0.0000,0.0000,0.0000,0.0000,0.0000,0.0000,0.0000,0.0000,0.0000,0.0000,0.0000,0.0000,0.0000,0.0000,0.8733,0.8935,1.0000,0.9224,0.0000,0.0000,0.0000,0.0000,0.1195,-0.0125,0.8971,-0.8347,-0.2019,1.0000,1.0000,0.5729,1.0000,-0.0739,-0.0739,0.8251,-0.0465,0.0000
construction.battery_price_curve.platform_end_year,2028,0.0000,0.0000,0.0000,0.0000,0.0000,0.0000,0.0000,0.0000,0.0000,0.0000,0.0000,0.0000,0.0000,0.0000,0.0000,0.2551,0.2879,0.8507,1.3840,0.0000,0.0000,0.0000,0.0000,0.0000,0.0000,1.7568,-1.4943,-0.2803,0.8507,0.8507,0.4488,0.8507,-0.1599,-0.1599,0.0000,-0.0150,0.0000
construction.battery_price_curve.rapid_decline_end_year,2033,0.0000,0.0000,0.0000,0.0000,0.0000,0.0000,0.0000,0.0000,0.0000,0.0000,0.0000,0.0000,0.0000,0.0000,0.0000,0.0000,0.0000,0.0000,-0.1514,0.0000,0.0000,0.0000,0.0000,0.0000,0.0000,-0.2455,0.2517,0.0307,0.0000,0.0000,0.0109,0.0000,0.0274,0.0274,0.0000,0.0000,0.0000
construction.battery_price_curve.rapid_annual_decline_rate,0.04,0.0000,0.0000,0.0000,0.0000,0.0000,0.0000,0.0000,0.0000,0.0000,0.0000,0.0000,0.0000,0.0000,0.0000,0.0000,-0.0251,-0.0283,-0.0832,-0.0860,0.0000,0.0000,0.0000,0.0000,0.0000,0.0000,-0.0912,0.0920,0.0174,-0.0832,-0.0832,-0.0474,-0.0832,0.0067,0.0067,0.0000,0.0015,0.0000
construction.battery_price_curve.slow_annual_decline_rate,0.0275,0.0000,0.0000,0.0000,0.0000,0.0000,0.0000,0.0000,0.0000,0.0000,0.0000,0.0000,0.0000,0.0000,0.0000,0.0000,0.0000,0.0000,0.0000,-0.0343,0.0000,0.0000,0.0000,0.0000,0.0000,0.0000,-0.0560,0.0564,0.0069,0.0000,0.0000,0.0025,0.0000,0.0062,0.0062,0.0000,0.0000,0.0000
construction.battery_price_curve.storage_to_power_price_ratio,0.917,0.0000,0.0000,0.0000,0.0000,0.0000,0.0000,0.0000,0.0000,0.0000,0.0000,0.0000,0.0000,0.0000,0.0000,0.0000,0.0000,-0.0599,-0.1308,-0.3047,0.0000,0.0000,0.0000,0.0000,0.0000,0.0000,-0.1332,0.1350,0.0617,0.0000,0.0000,0.0219,0.0000,0.0551,0.0551,0.0000,0.0031,0.0000
construction.battery_price_curve.retirement_soh,0.8,0.0000,0.0000,0.0000,0.0000,0.0000,0.0000,0.0000,0.0000,0.0000,0.0000,0.0000,0.0000,0.0000,0.0000,0.0000,0.0000,-0.0599,-0.1308,-0.3047,0.0000,0.0000,0.0000,0.0000,0.0000,0.0000,-0.2339,0.2395,0.0617,0.0000,0.0000,0.0219,0.0000,0.0551,0.0551,0.0000,0.0031,0.0000
construction.battery_price_curve.annual_soh_decline_rate,0.02,0.0000,0.0000,0.0000,0.0000,0.0000,0.0000,0.0000,0.0000,0.0000,0.0000,0.0000,0.0000,0.0000,0.0000,0.0000,0.0000,0.0000,0.0000,0.0000,0.0000,0.0000,0.0000,0.0000,0.0000,0.0000,-0.0031,0.0031,0.0000,0.0000,0.0000,0.0000,0.0000,0.0000,0.0000,0.0000,0.0000,0.0000
construction.battery_price_curve.secondary_market_discount,0.6,0.0000,0.0000,0.0000,0.0000,0.0000,0.0000,0.0000,0.0000,0.0000,0.0000,0.0000,0.0000,0.0000,0.0000,0.0000,0.0000,-0.0599,-0.1308,-0.3047,0.0000,0.0000,0.0000,0.0000,0.0000,0.0000,-0.1332,0.1350,0.0617,0.0000,0.0000,0.0219,0.0000,0.0551,0.0551,0.0000,0.0031,0.0000
swap_business.operating_days,350,0.0000,0.0000,0.0000,0.0000,0.0000,0.0000,0.0000,1.0000,0.0000,0.0000,0.0000,0.0000,0.0000,0.0000,0.0000,0.0000,0.1587,0.2147,0.2827,0.4934,1.0000,0.0000,0.0000,0.5308,0.4895,-0.3053,0.8198,0.5314,0.0436,0.0000,0.2169,0.0000,0.5454,0.5454,0.0000,-0.0083,0.0000
swap_business.usable_energy_factor,0.8,0.0000,0.0000,0.0000,0.0000,0.0000,-1.0532,-0.0580,-0.1101,-0.9840,-0.9900,-1.1042,0.0000,0.0000,0.0000,0.0000,-0.1843,-0.3010,-0.1310,-0.7488,-0.1068,-0.1101,-0.0356,-1.0548,-0.4071,-0.0753,-0.2954,0.2268,0.0611,-0.0196,0.0000,0.0091,0.0000,0.0228,0.0228,0.0000,0.0157,0.0000
swap_business.service_fee_rmb_kwh,0.3,0.0000,0.0000,0.0000,0.0000,0.0000,0.0000,0.0000,0.0000,0.0000,0.0000,0.0000,0.0000,0.0000,0.0000,0.0000,0.0000,0.0000,0.0000,0.0000,0.4631,1.0000,0.0000,0.0000,0.0000,0.5116,0.0000,0.5116,0.6153,0.0000,0.0000,0.2187,0.0000,0.5498,0.5498,0.0000,0.0000,0.0000
swap_business.battery_rent_rmb_kwh_year,120,0.0000,0.0000,0.0000,0.0000,0.0000,0.0000,0.0000,0.0000,0.0000,0.0000,0.0000,0.0000,0.0000,0.0000,0.0000,0.0000,0.0000,0.0000,0.0000,0.5008,0.0000,1.0000,0.0000,0.0000,0.5533,0.0000,0.5533,0.6654,0.0000,0.0000,0.2365,0.0000,0.5946,0.5946,0.0000,0.0000,0.0000
swap_business.grid_spread_rmb_kwh,0.4,0.0000,0.0000,0.0000,0.0000,0.0000,0.0000,0.0000,0.0000,0.0000,0.0000,0.0000,0.0000,0.0000,0.0000,0.0000,0.0000,0.0000,0.0000,0.0000,0.0303,0.0000,0.0000,0.0000,0.0000,0.0334,0.0000,0.0334,0.0402,0.0000,0.0000,0.0143,0.0000,0.0359,0.0359,0.0000,0.0000,0.0000
swap_business.rte,0.92,0.0000,0.0000,0.0000,0.0000,0.0000,0.0000,0.0000,0.0000,0.0000,0.0000,0.0000,0.0000,0.0000,0.0000,0.0000,0.0000,0.0000,0.0000,0.0000,0.0303,0.0000,0.0000,0.0000,-4.9220,0.5491,0.0000,0.5491,0.6604,0.0000,0.0000,0.2347,0.0000,0.5901,0.5901,0.0000,0.0000,0.0000
swap_business.auxiliary_power_rate,0.02,0.0000,0.0000,0.0000,0.0000,0.0000,0.0000,0.0000,0.0000,0.0000,0.0000,0.0000,0.0000,0.0000,0.0000,0.0000,0.0000,0.0000,0.0000,0.0000,0.0000,0.0000,0.0000,0.0000,0.1062,-0.0111,0.0000,-0.0111,-0.0134,0.0000,0.0000,-0.0048,0.0000,-0.0120,-0.0120,0.0000,0.0000,0.0000
swap_business.valley_power_price_rmb_kwh,0.3,0.0000,0.0000,0.0000,0.0000,0.0000,0.0000,0.0000,0.0000,0.0000,0.0000,0.0000,0.0000,0.0000,0.0000,0.0000,0.0000,0.0000,0.0000,0.0000,0.0000,0.0000,0.0000,0.0000,0.5308,-0.0556,0.0000,-0.0556,-0.0669,0.0000,0.0000,-0.0238,0.0000,-0.0598,-0.0598,0.0000,0.0000,0.0000
swap_business.site_rent_wan_year,15,0.0000,0.0000,0.0000,0.0000,0.0000,0.0000,0.0000,0.0000,0.0000,0.0000,0.0000,0.0000,0.0000,0.0000,0.0000,0.0000,0.0000,0.0000,0.0000,0.0000,0.0000,0.0000,0.0000,0.1900,-0.0199,0.0000,-0.0199,-0.0239,0.0000,0.0000,-0.0085,0.0000,-0.0214,-0.0214,0.0000,0.0000,0.0000
swap_business.heavy_station_labor_wan_year,26.88,0.0000,0.0000,0.0000,0.0000,0.0000,0.0000,0.0000,0.0000,0.0000,0.0000,0.0000,0.0000,0.0000,0.0000,0.0000,0.0000,0.0000,0.0000,0.0000,0.0000,0.0000,0.0000,0.0000,0.1085,-0.0114,0.0000,-0.0114,-0.0137,0.0000,0.0000,-0.0049,0.0000,-0.0122,-0.0122,0.0000,0.0000,0.0000
swap_business.passenger_station_labor_wan_year,2.688,0.0000,0.0000,0.0000,0.0000,0.0000,0.0000,0.0000,0.0000,0.0000,0.0000,0.0000,0.0000,0.0000,0.0000,0.0000,0.0000,0.0000,0.0000,0.0000,0.0000,0.0000,0.0000,0.0000,0.0232,-0.0024,0.0000,-0.0024,-0.0029,0.0000,0.0000,-0.0010,0.0000,-0.0026,-0.0026,0.0000,0.0000,0.0000
swap_business.software_opex_yi_year,2,0.0000,0.0000,0.0000,0.0000,0.0000,0.0000,0.0000,0.0000,0.0000,0.0000,0.0000,0.0000,0.0000,0.0000,0.0000,0.0000,0.0000,0.0000,0.0000,0.0000,0.0000,0.0000,0.0000,0.0224,-0.0024,0.0000,-0.0024,-0.0028,0.0000,0.0000,-0.0010,0.0000,-0.0025,-0.0025,0.0000,0.0000,0.0000
swap_business.with_swap_manufacturing_net_margin,0.135,0.0000,0.0000,0.0000,0.0000,0.0000,0.0000,0.0000,0.0000,0.0000,0.0000,0.0000,0.0000,0.0000,0.0000,0.0000,0.0000,0.0000,0.0000,0.0000,0.0000,0.0000,0.0000,0.0000,0.0000,0.0000,0.0000,0.0000,0.0000,1.0000,0.0000,0.6446,0.0000,1.6209,1.6209,0.0000,0.0000,0.0000
swap_business.no_swap_manufacturing_net_margin,0.125,0.0000,0.0000,0.0000,0.0000,0.0000,0.0000,0.0000,0.0000,0.0000,0.0000,0.0000,0.0000,0.0000,0.0000,0.0000,0.0000,0.0000,0.0000,0.0000,0.0000,0.0000,0.0000,0.0000,0.0000,0.0000,0.0000,0.0000,0.0000,0.0000,1.0000,0.0000,1.0000,-1.5144,-1.5144,0.0000,0.0000,0.0000
swap_business.battery_insurance_rate,0.002,0.0000,0.0000,0.0000,0.0000,0.0000,0.0000,0.0000,0.0000,0.0000,0.0000,0.0000,0.0000,0.0000,0.0000,0.0000,0.0000,0.0000,0.0000,0.0000,0.0000,0.0000,0.0000,0.0000,0.0531,-0.0056,0.0000,-0.0056,-0.0067,0.0000,0.0000,-0.0024,0.0000,-0.0060,-0.0060,0.0000,0.0000,0.0000
swap_business.equipment_insurance_rate,0.0015,0.0000,0.0000,0.0000,0.0000,0.0000,0.0000,0.0000,0.0000,0.0000,0.0000,0.0000,0.0000,0.0000,0.0000,0.0000,0.0000,0.0000,0.0000,0.0000,0.0000,0.0000,0.0000,0.0000,0.0056,-0.0006,0.0000,-0.0006,-0.0007,0.0000,0.0000,-0.0003,0.0000,-0.0006,-0.0006,0.0000,0.0000,0.0000
swap_business.pooling_maintenance_rate,0.002,0.0000,0.0000,0.0000,0.0000,0.0000,0.0000,0.0000,0.0000,0.0000,0.0000,0.0000,0.0000,0.0000,0.0000,0.0000,0.0000,0.0000,0.0000,0.0000,0.0000,0.0000,0.0000,0.0000,0.0531,-0.0056,0.0000,-0.0056,-0.0067,0.0000,0.0000,-0.0024,0.0000,-0.0060,-0.0060,0.0000,0.0000,0.0000
swap_business.warehouse_logistics_rate,0.0005,0.0000,0.0000,0.0000,0.0000,0.0000,0.0000,0.0000,0.0000,0.0000,0.0000,0.0000,0.0000,0.0000,0.0000,0.0000,0.0000,0.0000,0.0000,0.0000,0.0000,0.0000,0.0000,0.0000,0.0133,-0.0014,0.0000,-0.0014,-0.0017,0.0000,0.0000,-0.0006,0.0000,-0.0015,-0.0015,0.0000,0.0000,0.0000
ancillary_services.capacity_compensation_price_rmb_kw_year,45,0.0000,0.0000,0.0000,0.0000,0.0000,0.0000,0.0000,0.0000,0.0000,0.0000,0.0000,0.0000,0.0000,0.0000,0.0000,0.0000,0.0000,0.0000,0.0000,0.0004,0.0000,0.0000,0.0614,0.0000,0.0004,0.0000,0.0004,0.0005,0.0000,0.0000,0.0002,0.0000,0.0004,0.0004,0.0000,0.0000,0.0000
ancillary_services.heavy_station_declared_kw,152,0.0000,0.0000,0.0000,0.0000,0.0000,0.0000,0.0000,0.0000,0.0000,0.0000,0.0000,0.0000,0.0000,0.0000,0.0000,0.0000,0.0000,0.0000,0.0000,0.0003,0.0000,0.0000,0.0454,0.0000,0.0003,0.0000,0.0003,0.0003,0.0000,0.0000,0.0001,0.0000,0.0003,0.0003,0.0000,0.0000,0.0000
ancillary_services.choco_station_declared_kw,25,0.0000,0.0000,0.0000,0.0000,0.0000,0.0000,0.0000,0.0000,0.0000,0.0000,0.0000,0.0000,0.0000,0.0000,0.0000,0.0000,0.0000,0.0000,0.0000,0.0001,0.0000,0.0000,0.0160,0.0000,0.0001,0.0000,0.0001,0.0001,0.0000,0.0000,0.0000,0.0000,0.0001,0.0001,0.0000,0.0000,0.0000
ancillary_services.demand_response_price_rmb_kwh,3,0.0000,0.0000,0.0000,0.0000,0.0000,0.0000,0.0000,0.0000,0.0000,0.0000,0.0000,0.0000,0.0000,0.0000,0.0000,0.0000,0.0000,0.0000,0.0000,0.0000,0.0000,0.0000,0.0000,0.0000,0.0000,0.0000,0.0000,0.0000,0.0000,0.0000,0.0000,0.0000,0.0000,0.0000,0.0000,0.0000,0.0000
ancillary_services.demand_response_hours_year,100,0.0000,0.0000,0.0000,0.0000,0.0000,0.0000,0.0000,0.0000,0.0000,0.0000,0.0000,0.0000,0.0000,0.0000,0.0000,0.0000,0.0000,0.0000,0.0000,0.0000,0.0000,0.0000,0.0000,0.0000,0.0000,0.0000,0.0000,0.0000,0.0000,0.0000,0.0000,0.0000,0.0000,0.0000,0.0000,0.0000,0.0000
ancillary_services.heavy_frequency_regulation_kw,450,0.0000,0.0000,0.0000,0.0000,0.0000,0.0000,0.0000,0.0000,0.0000,0.0000,0.0000,0.0000,0.0000,0.0000,0.0000,0.0000,0.0000,0.0000,0.0000,0.0022,0.0000,0.0000,0.3870,0.0000,0.0025,0.0000,0.0025,0.0030,0.0000,0.0000,0.0011,0.0000,0.0026,0.0026,0.0000,0.0000,0.0000
ancillary_services.choco_frequency_regulation_kw,300,0.0000,0.0000,0.0000,0.0000,0.0000,0.0000,0.0000,0.0000,0.0000,0.0000,0.0000,0.0000,0.0000,0.0000,0.0000,0.0000,0.0000,0.0000,0.0000,0.0032,0.0000,0.0000,0.5516,0.0000,0.0035,0.0000,0.0035,0.0042,0.0000,0.0000,0.0015,0.0000,0.0038,0.0038,0.0000,0.0000,0.0000
ancillary_services.frequency_regulation_hours_year,350,0.0000,0.0000,0.0000,0.0000,0.0000,0.0000,0.0000,0.0000,0.0000,0.0000,0.0000,0.0000,0.0000,0.0000,0.0000,0.0000,0.0000,0.0000,0.0000,0.0054,0.0000,0.0000,0.9386,0.0000,0.0060,0.0000,0.0060,0.0072,0.0000,0.0000,0.0026,0.0000,0.0064,0.0064,0.0000,0.0000,0.0000
ancillary_services.frequency_regulation_price_rmb_kwh,0.37,0.0000,0.0000,0.0000,0.0000,0.0000,0.0000,0.0000,0.0000,0.0000,0.0000,0.0000,0.0000,0.0000,0.0000,0.0000,0.0000,0.0000,0.0000,0.0000,0.0054,0.0000,0.0000,0.9386,0.0000,0.0060,0.0000,0.0060,0.0072,0.0000,0.0000,0.0026,0.0000,0.0064,0.0064,0.0000,0.0000,0.0000
battery_life_model.critical_cycles,2000,0.0000,0.0000,0.0000,0.0000,0.0000,0.0000,0.0000,0.0000,0.0000,0.0000,0.0000,0.0000,0.0000,0.0000,0.0000,0.0000,-0.1318,-0.1115,-0.6289,0.0000,0.0000,0.0000,0.0000,0.0000,0.0000,-0.1177,0.1191,0.1274,-0.0202,0.0000,0.0322,0.0000,0.0811,0.0811,0.0000,0.0069,0.0000
battery_life_model.calendar_cap_years,10,0.0000,0.0000,0.0000,0.0000,0.0000,0.0000,0.0000,0.0000,0.0000,0.0000,0.0000,0.0000,0.0000,0.0000,0.0000,0.0000,0.0000,0.0000,0.0000,0.0000,0.0000,0.0000,0.0000,0.0000,0.0000,0.0000,0.0000,0.0000,0.0000,0.0000,0.0000,0.0000,0.0000,0.0000,0.0000,0.0000,0.0000
battery_life_model.legacy_v32_vehicle_life_years.heavy,5.7,0.0000,0.0000,0.0000,0.0000,0.0000,0.0000,0.0000,0.0000,0.0000,0.0000,0.0000,0.0000,0.0000,0.0000,0.0000,0.0000,0.0000,0.0000,0.0000,0.0000,0.0000,0.0000,0.0000,0.0000,0.0000,0.0000,0.0000,0.0000,0.0000,0.0000,0.0000,0.0000,0.0000,0.0000,0.0000,0.0000,0.0000
battery_life_model.legacy_v32_vehicle_life_years.city,3.8,0.0000,0.0000,0.0000,0.0000,0.0000,0.0000,0.0000,0.0000,0.0000,0.0000,0.0000,0.0000,0.0000,0.0000,0.0000,0.0000,0.0000,0.0000,0.0000,0.0000,0.0000,0.0000,0.0000,0.0000,0.0000,0.0000,0.0000,0.0000,0.0000,0.0000,0.0000,0.0000,0.0000,0.0000,0.0000,0.0000,0.0000
battery_life_model.legacy_v32_vehicle_life_years.taxi,3.8,0.0000,0.0000,0.0000,0.0000,0.0000,0.0000,0.0000,0.0000,0.0000,0.0000,0.0000,0.0000,0.0000,0.0000,0.0000,0.0000,0.0000,0.0000,0.0000,0.0000,0.0000,0.0000,0.0000,0.0000,0.0000,0.0000,0.0000,0.0000,0.0000,0.0000,0.0000,0.0000,0.0000,0.0000,0.0000,0.0000,0.0000
battery_life_model.legacy_v32_vehicle_life_years.ridehail,3.8,0.0000,0.0000,0.0000,0.0000,0.0000,0.0000,0.0000,0.0000,0.0000,0.0000,0.0000,0.0000,0.0000,0.0000,0.0000,0.0000,0.0000,0.0000,0.0000,0.0000,0.0000,0.0000,0.0000,0.0000,0.0000,0.0000,0.0000,0.0000,0.0000,0.0000,0.0000,0.0000,0.0000,0.0000,0.0000,0.0000,0.0000
battery_life_model.legacy_v32_vehicle_life_years.robotaxi,3.8,0.0000,0.0000,0.0000,0.0000,0.0000,0.0000,0.0000,0.0000,0.0000,0.0000,0.0000,0.0000,0.0000,0.0000,0.0000,0.0000,0.0000,0.0000,0.0000,0.0000,0.0000,0.0000,0.0000,0.0000,0.0000,0.0000,0.0000,0.0000,0.0000,0.0000,0.0000,0.0000,0.0000,0.0000,0.0000,0.0000,0.0000
battery_life_model.legacy_v32_vehicle_life_years.private,10,0.0000,0.0000,0.0000,0.0000,0.0000,0.0000,0.0000,0.0000,0.0000,0.0000,0.0000,0.0000,0.0000,0.0000,0.0000,0.0000,0.0000,0.0000,0.0000,0.0000,0.0000,0.0000,0.0000,0.0000,0.0000,0.0000,0.0000,0.0000,0.0000,0.0000,0.0000,0.0000,0.0000,0.0000,0.0000,0.0000,0.0000
battery_life_model.legacy_v32_station_life_years.heavy,5.7,0.0000,0.0000,0.0000,0.0000,0.0000,0.0000,0.0000,0.0000,0.0000,0.0000,0.0000,0.0000,0.0000,0.0000,0.0000,0.0000,0.0000,0.0000,0.0000,0.0000,0.0000,0.0000,0.0000,0.0000,0.0000,0.0000,0.0000,0.0000,0.0000,0.0000,0.0000,0.0000,0.0000,0.0000,0.0000,0.0000,0.0000
battery_life_model.legacy_v32_station_life_years.choco,3.8,0.0000,0.0000,0.0000,0.0000,0.0000,0.0000,0.0000,0.0000,0.0000,0.0000,0.0000,0.0000,0.0000,0.0000,0.0000,0.0000,0.0000,0.0000,0.0000,0.0000,0.0000,0.0000,0.0000,0.0000,0.0000,0.0000,0.0000,0.0000,0.0000,0.0000,0.0000,0.0000,0.0000,0.0000,0.0000,0.0000,0.0000
charge_share.heavy.pessimistic,0.35,0.0000,0.0000,0.0000,0.0000,0.0000,0.0000,0.0000,0.0000,0.0000,0.0000,0.0000,0.0000,0.0056,0.0000,0.0439,0.0000,0.0000,0.0000,0.0000,0.0000,0.0000,0.0000,0.0000,0.0000,0.0000,0.0000,0.0000,0.0000,0.0384,0.0689,0.0247,0.0689,-0.0421,-0.0421,0.0000,0.0000,0.0000
charge_share.heavy.optimistic,0.55,0.0000,0.0000,0.0000,0.0000,0.0000,0.0000,0.0000,0.0000,0.0000,0.0000,0.0000,0.0000,0.0089,0.0000,0.0690,0.0000,0.0000,0.0000,0.0000,0.0000,0.0000,0.0000,0.0000,0.0000,0.0000,0.0000,0.0000,0.0000,0.0603,0.1083,0.0389,0.1083,-0.0662,-0.0662,0.0000,0.0000,0.0000
charge_share.city.pessimistic,0.35,0.0000,0.0000,0.0000,0.0000,0.0000,0.0000,0.0000,0.0000,0.0000,0.0000,0.0000,0.0000,0.0309,0.0000,0.0390,0.0000,0.0000,0.0000,0.0000,0.0000,0.0000,0.0000,0.0000,0.0000,0.0000,0.0000,0.0000,0.0000,0.0341,0.0398,0.0220,0.0398,-0.0049,-0.0049,0.0000,0.0000,0.0000
charge_share.city.optimistic,0.45,0.0000,0.0000,0.0000,0.0000,0.0000,0.0000,0.0000,0.0000,0.0000,0.0000,0.0000,0.0000,0.0398,0.0000,0.0502,0.0000,0.0000,0.0000,0.0000,0.0000,0.0000,0.0000,0.0000,0.0000,0.0000,0.0000,0.0000,0.0000,0.0439,0.0511,0.0283,0.0511,-0.0064,-0.0064,0.0000,0.0000,0.0000
charge_share.taxi.pessimistic,0.35,0.0000,0.0000,0.0000,0.0000,0.0000,0.0000,0.0000,0.0000,0.0000,0.0000,0.0000,0.0000,0.0017,0.0000,0.0015,0.0000,0.0000,0.0000,0.0000,0.0000,0.0000,0.0000,0.0000,0.0000,0.0000,0.0000,0.0000,0.0000,0.0013,0.0026,0.0008,0.0026,-0.0018,-0.0018,0.0000,0.0000,0.0000
charge_share.taxi.optimistic,0.45,0.0000,0.0000,0.0000,0.0000,0.0000,0.0000,0.0000,0.0000,0.0000,0.0000,0.0000,0.0000,0.0022,0.0000,0.0019,0.0000,0.0000,0.0000,0.0000,0.0000,0.0000,0.0000,0.0000,0.0000,0.0000,0.0000,0.0000,0.0000,0.0017,0.0033,0.0011,0.0033,-0.0023,-0.0023,0.0000,0.0000,0.0000
charge_share.ridehail.pessimistic,0.35,0.0000,0.0000,0.0000,0.0000,0.0000,0.0000,0.0000,0.0000,0.0000,0.0000,0.0000,0.0000,0.0015,0.0000,0.0013,0.0000,0.0000,0.0000,0.0000,0.0000,0.0000,0.0000,0.0000,0.0000,0.0000,0.0000,0.0000,0.0000,0.0012,0.0023,0.0008,0.0023,-0.0016,-0.0016,0.0000,0.0000,0.0000
charge_share.ridehail.optimistic,0.45,0.0000,0.0000,0.0000,0.0000,0.0000,0.0000,0.0000,0.0000,0.0000,0.0000,0.0000,0.0000,0.0020,0.0000,0.0017,0.0000,0.0000,0.0000,0.0000,0.0000,0.0000,0.0000,0.0000,0.0000,0.0000,0.0000,0.0000,0.0000,0.0015,0.0030,0.0010,0.0030,-0.0021,-0.0021,0.0000,0.0000,0.0000
charge_share.robotaxi.pessimistic,0.4,0.0000,0.0000,0.0000,0.0000,0.0000,0.0000,0.0000,0.0000,0.0000,0.0000,0.0000,0.0000,0.0000,0.0000,0.0000,0.0000,0.0000,0.0000,0.0000,0.0000,0.0000,0.0000,0.0000,0.0000,0.0000,0.0000,0.0000,0.0000,0.0000,0.0053,0.0000,0.0053,-0.0080,-0.0080,0.0000,0.0000,0.0000
charge_share.robotaxi.optimistic,0.4,0.0000,0.0000,0.0000,0.0000,0.0000,0.0000,0.0000,0.0000,0.0000,0.0000,0.0000,0.0000,0.0000,0.0000,0.0000,0.0000,0.0000,0.0000,0.0000,0.0000,0.0000,0.0000,0.0000,0.0000,0.0000,0.0000,0.0000,0.0000,0.0000,0.0053,0.0000,0.0053,-0.0080,-0.0080,0.0000,0.0000,0.0000
charge_share.private.pessimistic,0.3,0.0000,0.0000,0.0000,0.0000,0.0000,0.0000,0.0000,0.0000,0.0000,0.0000,0.0000,0.0000,0.3889,0.0000,0.3392,0.0000,0.0000,0.0000,0.0000,0.0000,0.0000,0.0000,0.0000,0.0000,0.0000,0.0000,0.0000,0.0000,0.2965,0.3043,0.1912,0.3043,0.0198,0.0198,0.0000,0.0000,0.0000
charge_share.private.optimistic,0.4,0.0000,0.0000,0.0000,0.0000,0.0000,0.0000,0.0000,0.0000,0.0000,0.0000,0.0000,0.0000,0.5185,0.0000,0.4523,0.0000,0.0000,0.0000,0.0000,0.0000,0.0000,0.0000,0.0000,0.0000,0.0000,0.0000,0.0000,0.0000,0.3954,0.4058,0.2549,0.4058,0.0263,0.0263,0.0000,0.0000,0.0000
group_funding.initial_cash_and_trading_assets_yi,4402.11,0.0000,0.0000,0.0000,0.0000,0.0000,0.0000,0.0000,0.0000,0.0000,0.0000,0.0000,0.0000,0.0000,0.0000,0.0000,0.0000,0.0000,0.0000,0.0000,0.0000,0.0000,0.0000,0.0000,0.0000,0.0000,0.0000,0.0000,0.0000,0.0000,0.0000,0.0000,0.0000,0.0000,0.0000,0.0000,0.5122,0.0000
group_funding.minimum_liquidity_yi,3000,0.0000,0.0000,0.0000,0.0000,0.0000,0.0000,0.0000,0.0000,0.0000,0.0000,0.0000,0.0000,0.0000,0.0000,0.0000,0.0000,0.0000,0.0000,0.0000,0.0000,0.0000,0.0000,0.0000,0.0000,0.0000,0.0000,0.0000,0.0000,0.0000,0.0000,0.0000,0.0000,0.0000,0.0000,0.0000,0.0000,0.0000
group_funding.reported_2026h1_cfo_yi,602.17,0.0000,0.0000,0.0000,0.0000,0.0000,0.0000,0.0000,0.0000,0.0000,0.0000,0.0000,0.0000,0.0000,0.0000,0.0000,0.0000,0.0000,0.0000,0.0000,0.0000,0.0000,0.0000,0.0000,0.0000,0.0000,0.0000,0.0000,0.0000,0.0000,0.0000,0.0000,0.0000,0.0000,0.0000,0.7646,-0.0701,0.0000
group_funding.dividend_payout_ratio,0.5,0.0000,0.0000,0.0000,0.0000,0.0000,0.0000,0.0000,0.0000,0.0000,0.0000,0.0000,0.0000,0.0000,0.0000,0.0000,0.0000,0.0000,0.0000,0.0000,0.0000,0.0000,0.0000,0.0000,0.0000,0.0000,0.0000,0.0000,0.0000,0.0000,0.0000,0.0000,0.0000,0.0000,0.0000,0.0000,-0.3887,0.0000
group_funding.interim_dividend_2026_yi,64.93,0.0000,0.0000,0.0000,0.0000,0.0000,0.0000,0.0000,0.0000,0.0000,0.0000,0.0000,0.0000,0.0000,0.0000,0.0000,0.0000,0.0000,0.0000,0.0000,0.0000,0.0000,0.0000,0.0000,0.0000,0.0000,0.0000,0.0000,0.0000,0.0000,0.0000,0.0000,0.0000,0.0000,0.0000,0.0000,0.0000,0.0000
strategic_exposure.solid_state.full_newbuild_capex_yi,1000,0.0000,0.0000,0.0000,0.0000,0.0000,0.0000,0.0000,0.0000,0.0000,0.0000,0.0000,0.0000,0.0000,0.0000,0.0000,0.0000,0.0000,0.0000,0.0000,0.0000,0.0000,0.0000,0.0000,0.0000,0.0000,0.0000,0.0000,0.0000,0.0000,0.0000,0.0000,0.0000,0.0000,0.0000,0.0000,0.0000,0.4237
strategic_exposure.solid_state.assumed_reuse_rate,0.25,0.0000,0.0000,0.0000,0.0000,0.0000,0.0000,0.0000,0.0000,0.0000,0.0000,0.0000,0.0000,0.0000,0.0000,0.0000,0.0000,0.0000,0.0000,0.0000,0.0000,0.0000,0.0000,0.0000,0.0000,0.0000,0.0000,0.0000,0.0000,0.0000,0.0000,0.0000,0.0000,0.0000,0.0000,0.0000,0.0000,-0.1412
strategic_exposure.storage_aidc.full_newbuild_capex_yi,800,0.0000,0.0000,0.0000,0.0000,0.0000,0.0000,0.0000,0.0000,0.0000,0.0000,0.0000,0.0000,0.0000,0.0000,0.0000,0.0000,0.0000,0.0000,0.0000,0.0000,0.0000,0.0000,0.0000,0.0000,0.0000,0.0000,0.0000,0.0000,0.0000,0.0000,0.0000,0.0000,0.0000,0.0000,0.0000,0.0000,0.1808
strategic_exposure.storage_aidc.assumed_reuse_rate,0.6,0.0000,0.0000,0.0000,0.0000,0.0000,0.0000,0.0000,0.0000,0.0000,0.0000,0.0000,0.0000,0.0000,0.0000,0.0000,0.0000,0.0000,0.0000,0.0000,0.0000,0.0000,0.0000,0.0000,0.0000,0.0000,0.0000,0.0000,0.0000,0.0000,0.0000,0.0000,0.0000,0.0000,0.0000,0.0000,0.0000,-0.2712
strategic_exposure.additional_mining.full_newbuild_capex_yi,300,0.0000,0.0000,0.0000,0.0000,0.0000,0.0000,0.0000,0.0000,0.0000,0.0000,0.0000,0.0000,0.0000,0.0000,0.0000,0.0000,0.0000,0.0000,0.0000,0.0000,0.0000,0.0000,0.0000,0.0000,0.0000,0.0000,0.0000,0.0000,0.0000,0.0000,0.0000,0.0000,0.0000,0.0000,0.0000,0.0000,0.1695
strategic_exposure.additional_mining.assumed_reuse_rate,0,0.0000,0.0000,0.0000,0.0000,0.0000,0.0000,0.0000,0.0000,0.0000,0.0000,0.0000,0.0000,0.0000,0.0000,0.0000,0.0000,0.0000,0.0000,0.0000,0.0000,0.0000,0.0000,0.0000,0.0000,0.0000,0.0000,0.0000,0.0000,0.0000,0.0000,0.0000,0.0000,0.0000,0.0000,0.0000,0.0000,-0.1695
strategic_exposure.software_ai.full_newbuild_capex_yi,200,0.0000,0.0000,0.0000,0.0000,0.0000,0.0000,0.0000,0.0000,0.0000,0.0000,0.0000,0.0000,0.0000,0.0000,0.0000,0.0000,0.0000,0.0000,0.0000,0.0000,0.0000,0.0000,0.0000,0.0000,0.0000,0.0000,0.0000,0.0000,0.0000,0.0000,0.0000,0.0000,0.0000,0.0000,0.0000,0.0000,0.1130
strategic_exposure.software_ai.assumed_reuse_rate,0,0.0000,0.0000,0.0000,0.0000,0.0000,0.0000,0.0000,0.0000,0.0000,0.0000,0.0000,0.0000,0.0000,0.0000,0.0000,0.0000,0.0000,0.0000,0.0000,0.0000,0.0000,0.0000,0.0000,0.0000,0.0000,0.0000,0.0000,0.0000,0.0000,0.0000,0.0000,0.0000,0.0000,0.0000,0.0000,0.0000,-0.1130
strategic_exposure.cvc.full_newbuild_capex_yi,200,0.0000,0.0000,0.0000,0.0000,0.0000,0.0000,0.0000,0.0000,0.0000,0.0000,0.0000,0.0000,0.0000,0.0000,0.0000,0.0000,0.0000,0.0000,0.0000,0.0000,0.0000,0.0000,0.0000,0.0000,0.0000,0.0000,0.0000,0.0000,0.0000,0.0000,0.0000,0.0000,0.0000,0.0000,0.0000,0.0000,0.1130
strategic_exposure.cvc.assumed_reuse_rate,0,0.0000,0.0000,0.0000,0.0000,0.0000,0.0000,0.0000,0.0000,0.0000,0.0000,0.0000,0.0000,0.0000,0.0000,0.0000,0.0000,0.0000,0.0000,0.0000,0.0000,0.0000,0.0000,0.0000,0.0000,0.0000,0.0000,0.0000,0.0000,0.0000,0.0000,0.0000,0.0000,0.0000,0.0000,0.0000,0.0000,-0.1130
light_asset.recognized_manager_aum_yi,0,0.0000,0.0000,0.0000,0.0000,0.0000,0.0000,0.0000,0.0000,0.0000,0.0000,0.0000,0.0000,0.0000,0.0000,0.0000,0.0000,0.0000,0.0000,0.0000,0.0000,0.0000,0.0000,0.0000,0.0000,0.0000,0.0000,0.0000,0.0000,0.0000,0.0000,0.0000,0.0000,0.0000,0.0000,0.0000,0.0000,0.0000
decision_thresholds.max_peak_swap_cash_to_cfo,0.15,0.0000,0.0000,0.0000,0.0000,0.0000,0.0000,0.0000,0.0000,0.0000,0.0000,0.0000,0.0000,0.0000,0.0000,0.0000,0.0000,0.0000,0.0000,0.0000,0.0000,0.0000,0.0000,0.0000,0.0000,0.0000,0.0000,0.0000,0.0000,0.0000,0.0000,0.0000,0.0000,0.0000,0.0000,0.0000,0.0000,0.0000
decision_thresholds.min_forward_to_required_ebitda,1,0.0000,0.0000,0.0000,0.0000,0.0000,0.0000,0.0000,0.0000,0.0000,0.0000,0.0000,0.0000,0.0000,0.0000,0.0000,0.0000,0.0000,0.0000,0.0000,0.0000,0.0000,0.0000,0.0000,0.0000,0.0000,0.0000,0.0000,0.0000,0.0000,0.0000,0.0000,0.0000,0.0000,0.0000,0.0000,0.0000,0.0000
decision_thresholds.min_swap_value_creation_multiple,3,0.0000,0.0000,0.0000,0.0000,0.0000,0.0000,0.0000,0.0000,0.0000,0.0000,0.0000,0.0000,0.0000,0.0000,0.0000,0.0000,0.0000,0.0000,0.0000,0.0000,0.0000,0.0000,0.0000,0.0000,0.0000,0.0000,0.0000,0.0000,0.0000,0.0000,0.0000,0.0000,0.0000,0.0000,0.0000,0.0000,0.0000
decision_thresholds.min_light_asset_value_retention,0.8,0.0000,0.0000,0.0000,0.0000,0.0000,0.0000,0.0000,0.0000,0.0000,0.0000,0.0000,0.0000,0.0000,0.0000,0.0000,0.0000,0.0000,0.0000,0.0000,0.0000,0.0000,0.0000,0.0000,0.0000,0.0000,0.0000,0.0000,0.0000,0.0000,0.0000,0.0000,0.0000,0.0000,0.0000,0.0000,0.0000,0.0000
decision_thresholds.min_light_asset_recurring_profit_retention,0.7,0.0000,0.0000,0.0000,0.0000,0.0000,0.0000,0.0000,0.0000,0.0000,0.0000,0.0000,0.0000,0.0000,0.0000,0.0000,0.0000,0.0000,0.0000,0.0000,0.0000,0.0000,0.0000,0.0000,0.0000,0.0000,0.0000,0.0000,0.0000,0.0000,0.0000,0.0000,0.0000,0.0000,0.0000,0.0000,0.0000,0.0000
decision_thresholds.max_funding_exposure_coverage_ratio,1,0.0000,0.0000,0.0000,0.0000,0.0000,0.0000,0.0000,0.0000,0.0000,0.0000,0.0000,0.0000,0.0000,0.0000,0.0000,0.0000,0.0000,0.0000,0.0000,0.0000,0.0000,0.0000,0.0000,0.0000,0.0000,0.0000,0.0000,0.0000,0.0000,0.0000,0.0000,0.0000,0.0000,0.0000,0.0000,0.0000,0.0000
