日期,A股收盘价,H股收盘价HKD,汇率,A股市值亿元,H股市值亿元,合计市值亿元,A股数据类型,H股数据类型
2026-06-18,391.55,712.37,0.915,17261.36,1422.92,18684.29,obs,derived
2026-06-22,408.98,742.51,0.915,18029.76,1483.13,19512.89,obs,est
2026-06-23,406.62,736.67,0.915,17925.72,1471.46,19397.18,interp,est
2026-06-24,404.26,730.84,0.915,17821.68,1459.82,19281.5,interp,est
2026-06-25,401.9,725.03,0.915,17717.64,1448.22,19165.86,obs,est
2026-06-26,381.0,685.87,0.915,16796.27,1369.99,18166.26,obs,est
2026-06-29,387.0,695.19,0.915,17061.0,1388.61,18449.61,interp,est
2026-06-30,393.01,704.47,0.915,17325.73,1407.15,18732.88,obs,est
2026-07-01,383.84,704.47,0.915,16921.47,1407.15,18328.62,obs,carry
2026-07-02,380.73,681.0,0.915,16784.37,1360.26,18144.63,interp,real
2026-07-03,377.62,675.5,0.915,16647.26,1349.28,17996.54,interp,real
2026-07-06,374.51,668.0,0.915,16510.16,1334.3,17844.46,obs,real
2026-07-07,371.42,652.0,0.915,16373.94,1302.34,17676.28,interp,real
2026-07-08,368.33,628.0,0.915,16237.72,1254.4,17492.12,interp,real
2026-07-09,365.24,637.5,0.915,16101.5,1273.37,17374.87,interp,real
2026-07-10,362.15,587.0,0.915,15965.27,1172.5,17137.78,interp,real
2026-07-13,359.06,603.0,0.915,15829.05,1204.46,17033.51,obs,real
2026-07-14,364.01,605.5,0.915,16047.27,1209.45,17256.73,obs,real
2026-07-15,373.0,622.0,0.915,16443.59,1242.41,17686.01,obs,real
2026-07-16,374.43,621.0,0.915,16506.63,1240.42,17747.05,interp,real
2026-07-17,375.86,606.5,0.915,16569.68,1211.45,17781.13,interp,real
2026-07-20,377.29,618.5,0.915,16632.72,1235.42,17868.14,interp,real
2026-07-21,378.72,626.0,0.915,16695.76,1250.4,17946.16,interp,real
2026-07-22,380.15,609.5,0.915,16758.8,1217.44,17976.24,interp,real
2026-07-23,381.58,626.5,0.915,16821.84,1251.4,18073.24,interp,real
2026-07-24,383.01,622.0,0.915,16884.88,1242.41,18127.29,obs,real
2026-07-27,386.94,635.0,0.915,17057.91,1268.38,18326.29,interp,real
2026-07-28,390.86,603.5,0.915,17230.95,1205.46,18436.41,obs,real
2026-07-29,390.81,619.5,0.915,17228.92,1237.42,18466.34,interp,real
2026-07-30,390.77,621.0,0.915,17226.89,1240.42,18467.31,interp,real
2026-07-31,390.72,622.5,0.915,17224.86,1243.41,18468.27,interp,real
2026-08-03,390.68,623.85,0.915,17222.83,1246.11,18468.95,interp,est
2026-08-04,390.63,625.2,0.915,17220.81,1248.81,18469.62,interp,est
2026-08-05,390.58,626.55,0.915,17218.78,1251.51,18470.29,interp,est
2026-08-06,390.54,627.91,0.915,17216.75,1254.21,18470.96,interp,est
2026-08-07,390.49,629.26,0.915,17214.72,1256.9,18471.63,interp,est
2026-08-10,390.45,630.61,0.915,17212.7,1259.6,18472.3,interp,est
2026-08-11,390.4,631.96,0.915,17210.67,1262.3,18472.97,obs,est
2026-08-12,393.93,639.11,0.915,17366.29,1276.58,18642.87,obs,est
2026-08-13,396.3,644.4,0.915,17470.77,1287.15,18757.92,obs,est
2026-08-14,393.93,641.98,0.915,17366.29,1282.32,18648.61,obs,est
2026-08-17,399.98,653.3,0.915,17633.0,1304.93,18937.93,obs,derived
2026-08-18,396.26,647.07,0.915,17469.0,1292.49,18761.49,obs,est
2026-08-19,389.0,635.06,0.915,17148.95,1268.5,18417.45,obs,est
2026-08-20,385.0,628.38,0.915,16972.61,1255.16,18227.77,obs,est
2026-08-21,391.15,638.27,0.915,17243.73,1274.91,18518.64,obs,est
2026-08-24,387.89,632.8,0.915,17100.01,1263.98,18364.0,obs,est
2026-08-25,376.73,614.45,0.915,16608.03,1227.32,17835.35,obs,est
2026-08-26,379.0,618.0,0.915,16708.1,1234.42,17942.52,obs,real
2026-08-27,373.0,609.02,0.915,16443.59,1216.49,17660.08,obs,est
2026-08-28,368.5,602.47,0.915,16245.21,1203.4,17448.62,obs,est
2026-08-31,363.55,595.16,0.915,16026.99,1188.81,17215.8,obs,est
2026-09-01,358.1,587.01,0.915,15786.73,1172.53,16959.26,obs,est
2026-09-02,348.29,571.69,0.915,15354.26,1141.91,16496.17,obs,est
2026-09-03,349.5,574.43,0.915,15407.6,1147.39,16554.99,obs,est
2026-09-04,351.0,577.65,0.915,15473.73,1153.83,16627.56,obs,est
2026-09-07,348.2,573.8,0.915,15350.29,1146.13,16496.42,obs,est
2026-09-08,335.49,553.58,0.915,14789.98,1105.74,15895.71,obs,est
2026-09-09,336.84,556.53,0.915,14849.49,1111.64,15961.13,obs,est
2026-09-10,338.06,559.28,0.915,14903.27,1117.13,16020.4,obs,est
2026-09-11,330.51,547.5,0.915,14570.43,1093.6,15664.04,obs,real
2026-09-14,337.11,549.0,0.915,14861.39,1096.6,15957.99,obs,real
2026-09-15,316.36,516.0,0.915,13946.64,1030.68,14977.32,obs,real
2026-09-16,305.48,501.0,0.915,13466.99,1000.72,14467.72,obs,real
2026-09-17,304.3,505.0,0.915,13414.97,1008.71,14423.69,obs,real
